-- -------------------------------------------------------------------------------------------------
-- CREATE SCHEMAS
-- -------------------------------------------------------------------------------------------------
CREATE SCHEMA SURVEY;



-- -------------------------------------------------------------------------------------------------
-- CREATE TABLES
-- -------------------------------------------------------------------------------------------------
CREATE TABLE SURVEY.SURVEY_DEFINITIONS (
  ID           UUID NOT NULL,
  VERSION      INTEGER NOT NULL,
  NAME         TEXT NOT NULL,
  DESCRIPTION  TEXT NOT NULL,

  PRIMARY KEY (ID, VERSION)
);

COMMENT ON COLUMN SURVEY.SURVEY_DEFINITIONS.ID
IS 'The Universally Unique Identifier (UUID) used, along with the version of the survey definition, to uniquely identify the survey definition';

COMMENT ON COLUMN SURVEY.SURVEY_DEFINITIONS.VERSION
IS 'The version of the survey definition';

COMMENT ON COLUMN SURVEY.SURVEY_DEFINITIONS.NAME
IS 'The name of the survey definition.';

COMMENT ON COLUMN SURVEY.SURVEY_DEFINITIONS.DESCRIPTION
IS 'The description for the survey definition.';



CREATE TABLE SURVEY.SURVEY_GROUP_DEFINITIONS (
  ID                         UUID NOT NULL,
  VERSION                    INTEGER NOT NULL,
  SURVEY_DEFINITION_ID       UUID NOT NULL,
  SURVEY_DEFINITION_VERSION  INTEGER NOT NULL,
  NAME                       TEXT NOT NULL,
  DESCRIPTION                TEXT NOT NULL,

  PRIMARY KEY (ID, VERSION),
  CONSTRAINT  SURVEY_SURVEY_GROUP_DEFINITIONS_SURVEY_DEFINITION_FK FOREIGN KEY (SURVEY_DEFINITION_ID, SURVEY_DEFINITION_VERSION) REFERENCES SURVEY.SURVEY_DEFINITIONS(ID, VERSION) ON DELETE CASCADE
);

CREATE INDEX SURVEY_SURVEY_GROUP_DEFINITIONS_SURVEY_DEFINITION_IX
  ON SURVEY.SURVEY_GROUP_DEFINITIONS
  (SURVEY_DEFINITION_ID, SURVEY_DEFINITION_VERSION);

COMMENT ON COLUMN SURVEY.SURVEY_GROUP_DEFINITIONS.ID
IS 'The Universally Unique Identifier (UUID) used, along with the version, to uniquely identify the survey group definition';

COMMENT ON COLUMN SURVEY.SURVEY_GROUP_DEFINITIONS.VERSION
IS 'The version of the survey group definition';

COMMENT ON COLUMN SURVEY.SURVEY_GROUP_DEFINITIONS.SURVEY_DEFINITION_ID
IS 'The Universally Unique Identifier (UUID) used, along with the version of the survey definition, to uniquely identify the survey definition this survey group definition is associated with';

COMMENT ON COLUMN SURVEY.SURVEY_GROUP_DEFINITIONS.SURVEY_DEFINITION_VERSION
IS 'The version of the survey definition this survey group definition is associated with';

COMMENT ON COLUMN SURVEY.SURVEY_GROUP_DEFINITIONS.NAME
IS 'The name of the survey group definition';

COMMENT ON COLUMN SURVEY.SURVEY_GROUP_DEFINITIONS.DESCRIPTION
IS 'The description for the survey group definition';



CREATE TABLE SURVEY.SURVEY_GROUP_MEMBER_DEFINITIONS (
  ID                               UUID NOT NULL,
  VERSION                          INTEGER NOT NULL,
  SURVEY_GROUP_DEFINITION_ID       UUID NOT NULL,
  SURVEY_GROUP_DEFINITION_VERSION  INTEGER NOT NULL,
  NAME                             TEXT NOT NULL,

  PRIMARY KEY (ID, VERSION),
  CONSTRAINT  SURVEY_SURVEY_GROUP_MEMBER_DEFINITIONS_SURVEY_GROUP_DEFINITION_FK FOREIGN KEY (SURVEY_GROUP_DEFINITION_ID, SURVEY_GROUP_DEFINITION_VERSION) REFERENCES SURVEY.SURVEY_GROUP_DEFINITIONS(ID, VERSION) ON DELETE CASCADE
);

CREATE INDEX SURVEY_SURVEY_GROUP_MEMBER_DEFINITIONS_SURVEY_GROUP_DEFINITION_IX
  ON SURVEY.SURVEY_GROUP_MEMBER_DEFINITIONS
  (SURVEY_GROUP_DEFINITION_ID, SURVEY_GROUP_DEFINITION_VERSION);

COMMENT ON COLUMN SURVEY.SURVEY_GROUP_MEMBER_DEFINITIONS.ID
IS 'The Universally Unique Identifier (UUID) used, along with the version, to uniquely identify the survey group member definition';

COMMENT ON COLUMN SURVEY.SURVEY_GROUP_MEMBER_DEFINITIONS.VERSION
IS 'The version of the survey group member definition';

COMMENT ON COLUMN SURVEY.SURVEY_GROUP_MEMBER_DEFINITIONS.SURVEY_GROUP_DEFINITION_ID
IS 'The Universally Unique Identifier (UUID) used, along with the version of the survey group definition, to uniquely identify the survey group definition this survey group member definition is associated with';

COMMENT ON COLUMN SURVEY.SURVEY_GROUP_MEMBER_DEFINITIONS.SURVEY_GROUP_DEFINITION_VERSION
IS 'The version of the survey group definition this survey group member definition is associated with';

COMMENT ON COLUMN SURVEY.SURVEY_GROUP_MEMBER_DEFINITIONS.NAME
IS 'The name of the survey group member definition';



CREATE TABLE SURVEY.SURVEY_GROUP_RATING_ITEM_DEFINITIONS (
  ID                               UUID NOT NULL,
  VERSION                          INTEGER NOT NULL,
  SURVEY_DEFINITION_ID             UUID NOT NULL,
  SURVEY_DEFINITION_VERSION        INTEGER NOT NULL,
  NAME                             TEXT NOT NULL,
  SURVEY_GROUP_DEFINITION_ID       UUID NOT NULL,
  SURVEY_GROUP_DEFINITION_VERSION  INTEGER NOT NULL,
  RATING_TYPE                      INTEGER NOT NULL,

  PRIMARY KEY (ID, VERSION),
  CONSTRAINT  SURVEY_SURVEY_GROUP_RATING_ITEM_DEFINITIONS_SURVEY_DEFINITION_FK FOREIGN KEY (SURVEY_DEFINITION_ID, SURVEY_DEFINITION_VERSION) REFERENCES SURVEY.SURVEY_DEFINITIONS(ID, VERSION) ON DELETE CASCADE,
  CONSTRAINT  SURVEY_SURVEY_GROUP_RATING_ITEM_DEFINITIONS_SURVEY_GROUP_DEFINITION_FK FOREIGN KEY (SURVEY_GROUP_DEFINITION_ID, SURVEY_GROUP_DEFINITION_VERSION) REFERENCES SURVEY.SURVEY_GROUP_DEFINITIONS(ID, VERSION) ON DELETE CASCADE
);

CREATE INDEX SURVEY_SURVEY_GROUP_RATING_ITEM_DEFINITIONS_SURVEY_DEFINITION_IX
  ON SURVEY.SURVEY_GROUP_RATING_ITEM_DEFINITIONS
  (SURVEY_DEFINITION_ID, SURVEY_DEFINITION_VERSION);

CREATE INDEX SURVEY_SURVEY_GROUP_RATING_ITEM_DEFINITIONS_SURVEY_GROUP_DEFINITION_IX
  ON SURVEY.SURVEY_GROUP_RATING_ITEM_DEFINITIONS
  (SURVEY_GROUP_DEFINITION_ID, SURVEY_GROUP_DEFINITION_VERSION);

COMMENT ON COLUMN SURVEY.SURVEY_GROUP_RATING_ITEM_DEFINITIONS.ID
IS 'The Universally Unique Identifier (UUID) used, along with the version, to uniquely identify the survey group rating item definition';

COMMENT ON COLUMN SURVEY.SURVEY_GROUP_RATING_ITEM_DEFINITIONS.VERSION
IS 'The version of the survey group rating item definition';

COMMENT ON COLUMN SURVEY.SURVEY_GROUP_RATING_ITEM_DEFINITIONS.SURVEY_DEFINITION_ID
IS 'The Universally Unique Identifier (UUID) used, along with the version of the survey definition, to uniquely identify the survey definition this survey group rating item definition is associated with';

COMMENT ON COLUMN SURVEY.SURVEY_GROUP_RATING_ITEM_DEFINITIONS.SURVEY_DEFINITION_VERSION
IS 'The version of the survey definition this survey group rating item definition is associated with';

COMMENT ON COLUMN SURVEY.SURVEY_GROUP_RATING_ITEM_DEFINITIONS.NAME
IS 'The name of the survey group rating item definition';

COMMENT ON COLUMN SURVEY.SURVEY_GROUP_RATING_ITEM_DEFINITIONS.SURVEY_GROUP_DEFINITION_ID
IS 'The Universally Unique Identifier (UUID) used, along with the version of the survey group definition, to uniquely identify the survey group definition this survey group rating item definition is associated with';

COMMENT ON COLUMN SURVEY.SURVEY_GROUP_RATING_ITEM_DEFINITIONS.SURVEY_GROUP_DEFINITION_VERSION
IS 'The version of the survey group definition this survey group rating item definition is associated with';

COMMENT ON COLUMN SURVEY.SURVEY_GROUP_RATING_ITEM_DEFINITIONS.RATING_TYPE
IS 'The numeric code giving the type of survey group rating item e.g. 1 = Percentage, 2 = Yes/No/NA, etc';




CREATE TABLE SURVEY.SURVEY_INSTANCES (
  ID                         UUID NOT NULL,
  SURVEY_DEFINITION_ID       UUID NOT NULL,
  SURVEY_DEFINITION_VERSION  INTEGER NOT NULL,

  PRIMARY KEY (ID),
  CONSTRAINT  SURVEY_SURVEY_INSTANCES_SURVEY_DEFINITION_FK FOREIGN KEY (SURVEY_DEFINITION_ID, SURVEY_DEFINITION_VERSION) REFERENCES SURVEY.SURVEY_DEFINITIONS(ID, VERSION) ON DELETE CASCADE
);

CREATE INDEX SURVEY_SURVEY_INSTANCES_SURVEY_DEFINITION_IX
  ON SURVEY.SURVEY_INSTANCES
  (SURVEY_DEFINITION_ID, SURVEY_DEFINITION_VERSION);

COMMENT ON COLUMN SURVEY.SURVEY_INSTANCES.ID
IS 'The Universally Unique Identifier (UUID) used  to uniquely identify the survey instance';

COMMENT ON COLUMN SURVEY.SURVEY_INSTANCES.SURVEY_DEFINITION_ID
IS 'The Universally Unique Identifier (UUID) used, along with the version of the survey definition, to uniquely identify the survey definition this survey instance is associated with';

COMMENT ON COLUMN SURVEY.SURVEY_INSTANCES.SURVEY_DEFINITION_VERSION
IS 'The version of the survey definition this survey instance is associated with';



CREATE TABLE SURVEY.SURVEY_REQUESTS (
  ID                  UUID NOT NULL,
  SURVEY_INSTANCE_ID  UUID NOT NULL,

  PRIMARY KEY (ID),
  CONSTRAINT  SURVEY_SURVEY_REQUESTS_SURVEY_INSTANCE_FK FOREIGN KEY (SURVEY_INSTANCE_ID) REFERENCES SURVEY.SURVEY_INSTANCES(ID) ON DELETE CASCADE
);

CREATE INDEX SURVEY_SURVEY_REQUESTS_SURVEY_INSTANCE_ID_IX
  ON SURVEY.SURVEY_REQUESTS
  (SURVEY_INSTANCE_ID);

COMMENT ON COLUMN SURVEY.SURVEY_REQUESTS.ID
IS 'The Universally Unique Identifier (UUID) used  to uniquely identify the survey template group member';

COMMENT ON COLUMN SURVEY.SURVEY_REQUESTS.SURVEY_INSTANCE_ID
IS 'The Universally Unique Identifier (UUID) used to uniquely  identify the survey template group this survey template group member is associated with';



CREATE TABLE SURVEY.SURVEY_RESPONSES (
  ID                  UUID NOT NULL,
  SURVEY_INSTANCE_ID  UUID NOT NULL,
  SURVEY_REQUEST_ID   UUID,

  PRIMARY KEY (ID),
  CONSTRAINT  SURVEY_SURVEY_RESPONSES_SURVEY_INSTANCE_FK FOREIGN KEY (SURVEY_INSTANCE_ID) REFERENCES SURVEY.SURVEY_INSTANCES(ID) ON DELETE CASCADE,
  CONSTRAINT  SURVEY_SURVEY_RESPONSES_SURVEY_REQUEST_FK FOREIGN KEY (SURVEY_REQUEST_ID) REFERENCES SURVEY.SURVEY_REQUESTS(ID) ON DELETE CASCADE
);

CREATE INDEX SURVEY_SURVEY_RESPONSES_SURVEY_INSTANCE_ID_IX
  ON SURVEY.SURVEY_RESPONSES
  (SURVEY_INSTANCE_ID);

CREATE INDEX SURVEY_SURVEY_RESPONSES_SURVEY_REQUEST_ID_IX
  ON SURVEY.SURVEY_RESPONSES
  (SURVEY_REQUEST_ID);

COMMENT ON COLUMN SURVEY.SURVEY_RESPONSES.ID
IS 'The Universally Unique Identifier (UUID) used to uniquely identify the survey response';

COMMENT ON COLUMN SURVEY.SURVEY_RESPONSES.SURVEY_INSTANCE_ID
IS 'The Universally Unique Identifier (UUID) used to uniquely identify the survey instance the survey response is associated with';

COMMENT ON COLUMN SURVEY.SURVEY_RESPONSES.SURVEY_REQUEST_ID
IS 'The Universally Unique Identifier (UUID) used to uniquely identify the survey request the survey response is associated with';



CREATE TABLE SURVEY.SURVEY_GROUP_RATING_ITEM_RESPONSES (
  ID                                           UUID NOT NULL,
  SURVEY_RESPONSE_ID                           UUID NOT NULL,
  SURVEY_GROUP_RATING_ITEM_DEFINITION_ID       UUID NOT NULL,
  SURVEY_GROUP_RATING_ITEM_DEFINITION_VERSION  INTEGER NOT NULL,
  SURVEY_GROUP_MEMBER_DEFINITION_ID            UUID NOT NULL,
  SURVEY_GROUP_MEMBER_DEFINITION_VERSION       INTEGER NOT NULL,
  RATING                                       INTEGER NOT NULL,

  PRIMARY KEY (ID),
  CONSTRAINT  SURVEY_SURVEY_GROUP_RATING_ITEM_RESPONSES_SURVEY_RESPONSE_FK FOREIGN KEY (SURVEY_RESPONSE_ID) REFERENCES SURVEY.SURVEY_RESPONSES(ID) ON DELETE CASCADE,
  CONSTRAINT  SURVEY_SURVEY_GROUP_RATING_ITEM_RESPONSES_SURVEY_DEFINITION_ITEM_FK FOREIGN KEY (SURVEY_GROUP_RATING_ITEM_DEFINITION_ID, SURVEY_GROUP_RATING_ITEM_DEFINITION_VERSION) REFERENCES SURVEY.SURVEY_GROUP_RATING_ITEM_DEFINITIONS(ID, VERSION) ON DELETE CASCADE,
  CONSTRAINT  SURVEY_SURVEY_GROUP_RATING_ITEM_RESPONSES_SURVEY_GROUP_MEMBER_DEFINITION_FK FOREIGN KEY (SURVEY_GROUP_MEMBER_DEFINITION_ID, SURVEY_GROUP_MEMBER_DEFINITION_VERSION) REFERENCES SURVEY.SURVEY_GROUP_MEMBER_DEFINITIONS(ID, VERSION) ON DELETE CASCADE
);

CREATE INDEX SURVEY_SURVEY_GROUP_RATING_ITEM_RESPONSES_SURVEY_RESPONSE_ID_IX
  ON SURVEY.SURVEY_GROUP_RATING_ITEM_RESPONSES
  (SURVEY_RESPONSE_ID);

CREATE INDEX SURVEY_SURVEY_GROUP_RATING_ITEM_RESPONSES_SURVEY_GROUP_RATING_ITEM_DEFINITION_IX
  ON SURVEY.SURVEY_GROUP_RATING_ITEM_RESPONSES
  (SURVEY_GROUP_RATING_ITEM_DEFINITION_ID, SURVEY_GROUP_RATING_ITEM_DEFINITION_VERSION);

CREATE INDEX SURVEY_SURVEY_GROUP_RATING_ITEM_RESPONSES_SURVEY_GROUP_MEMBER_DEFINITION_IX
  ON SURVEY.SURVEY_GROUP_RATING_ITEM_RESPONSES
  (SURVEY_GROUP_MEMBER_DEFINITION_ID, SURVEY_GROUP_MEMBER_DEFINITION_VERSION);

COMMENT ON COLUMN SURVEY.SURVEY_GROUP_RATING_ITEM_RESPONSES.ID
IS 'The Universally Unique Identifier (UUID) used to uniquely identify the survey group rating item response';

COMMENT ON COLUMN SURVEY.SURVEY_GROUP_RATING_ITEM_RESPONSES.SURVEY_RESPONSE_ID
IS 'The Universally Unique Identifier (UUID) used to uniquely identify the survey response this survey group rating item response is associated with';

COMMENT ON COLUMN SURVEY.SURVEY_GROUP_RATING_ITEM_RESPONSES.SURVEY_GROUP_RATING_ITEM_DEFINITION_ID
IS 'The Universally Unique Identifier (UUID) used, along with the survey group rating item definition version, to uniquely identify the survey group rating item definition this survey group rating item response is associated with';

COMMENT ON COLUMN SURVEY.SURVEY_GROUP_RATING_ITEM_RESPONSES.SURVEY_GROUP_RATING_ITEM_DEFINITION_VERSION
IS 'The version of the survey group rating item definition this survey group rating item response is associated with';

COMMENT ON COLUMN SURVEY.SURVEY_GROUP_RATING_ITEM_RESPONSES.SURVEY_GROUP_MEMBER_DEFINITION_ID
IS 'The Universally Unique Identifier (UUID) used, along with the version of the survey group member definition, to uniquely identify the survey group member definition this survey group rating item response is associated with';

COMMENT ON COLUMN SURVEY.SURVEY_GROUP_RATING_ITEM_RESPONSES.SURVEY_GROUP_MEMBER_DEFINITION_VERSION
IS 'The version of the survey group member definition this survey group rating item response';

COMMENT ON COLUMN SURVEY.SURVEY_GROUP_RATING_ITEM_RESPONSES.RATING
IS 'The rating for the survey  group rating item response e.g. 1=Yes, 0=No and -1=Not Applicable';



-- -------------------------------------------------------------------------------------------------
-- POPULATE TABLES
-- -------------------------------------------------------------------------------------------------
INSERT INTO SURVEY.SURVEY_DEFINITIONS (ID, VERSION, NAME, DESCRIPTION) VALUES
  ('706fb4a4-8ba8-11e6-ae22-56b6b6499611', 1, 'CTO ELT Values Survey - November 2016', '');

INSERT INTO SURVEY.SURVEY_GROUP_DEFINITIONS (ID, VERSION, SURVEY_DEFINITION_ID, SURVEY_DEFINITION_VERSION, NAME, DESCRIPTION) VALUES
  ('98886698-8ba8-11e6-ae22-56b6b6499611', 1, '706fb4a4-8ba8-11e6-ae22-56b6b6499611', 1, 'CTO ELT', '');

INSERT INTO SURVEY.SURVEY_GROUP_MEMBER_DEFINITIONS (ID, VERSION, SURVEY_GROUP_DEFINITION_ID, SURVEY_GROUP_DEFINITION_VERSION, NAME) VALUES
  ('dd6c1390-8ba8-11e6-ae22-56b6b6499611', 1, '98886698-8ba8-11e6-ae22-56b6b6499611', 1, 'Dan');
INSERT INTO SURVEY.SURVEY_GROUP_MEMBER_DEFINITIONS (ID, VERSION, SURVEY_GROUP_DEFINITION_ID, SURVEY_GROUP_DEFINITION_VERSION, NAME) VALUES
  ('dd6c0ea4-8ba8-11e6-ae22-56b6b6499611', 1, '98886698-8ba8-11e6-ae22-56b6b6499611', 1, 'Marcus');

INSERT INTO SURVEY.SURVEY_GROUP_RATING_ITEM_DEFINITIONS (ID, VERSION, SURVEY_DEFINITION_ID, SURVEY_DEFINITION_VERSION, NAME, SURVEY_GROUP_DEFINITION_ID, SURVEY_GROUP_DEFINITION_VERSION, RATING_TYPE) VALUES
  ('c34543f0-8ba9-11e6-ae22-56b6b6499611', 1, '706fb4a4-8ba8-11e6-ae22-56b6b6499611', 1, 'Accountability', '98886698-8ba8-11e6-ae22-56b6b6499611', 1, 2);
INSERT INTO SURVEY.SURVEY_GROUP_RATING_ITEM_DEFINITIONS (ID, VERSION, SURVEY_DEFINITION_ID, SURVEY_DEFINITION_VERSION, NAME, SURVEY_GROUP_DEFINITION_ID, SURVEY_GROUP_DEFINITION_VERSION, RATING_TYPE) VALUES
  ('c345462a-8ba9-11e6-ae22-56b6b6499611', 1, '706fb4a4-8ba8-11e6-ae22-56b6b6499611', 1, 'Competence', '98886698-8ba8-11e6-ae22-56b6b6499611', 1, 2);
INSERT INTO SURVEY.SURVEY_GROUP_RATING_ITEM_DEFINITIONS (ID, VERSION, SURVEY_DEFINITION_ID, SURVEY_DEFINITION_VERSION, NAME, SURVEY_GROUP_DEFINITION_ID, SURVEY_GROUP_DEFINITION_VERSION, RATING_TYPE) VALUES
  ('c34549f4-8ba9-11e6-ae22-56b6b6499611', 1, '706fb4a4-8ba8-11e6-ae22-56b6b6499611', 1, 'Courage', '98886698-8ba8-11e6-ae22-56b6b6499611', 1, 2);
INSERT INTO SURVEY.SURVEY_GROUP_RATING_ITEM_DEFINITIONS (ID, VERSION, SURVEY_DEFINITION_ID, SURVEY_DEFINITION_VERSION, NAME, SURVEY_GROUP_DEFINITION_ID, SURVEY_GROUP_DEFINITION_VERSION, RATING_TYPE) VALUES
  ('c3454b7a-8ba9-11e6-ae22-56b6b6499611', 1, '706fb4a4-8ba8-11e6-ae22-56b6b6499611', 1, 'Fairness', '98886698-8ba8-11e6-ae22-56b6b6499611', 1, 2);
INSERT INTO SURVEY.SURVEY_GROUP_RATING_ITEM_DEFINITIONS (ID, VERSION, SURVEY_DEFINITION_ID, SURVEY_DEFINITION_VERSION, NAME, SURVEY_GROUP_DEFINITION_ID, SURVEY_GROUP_DEFINITION_VERSION, RATING_TYPE) VALUES
  ('c3454c6a-8ba9-11e6-ae22-56b6b6499611', 1, '706fb4a4-8ba8-11e6-ae22-56b6b6499611', 1, 'Integrity', '98886698-8ba8-11e6-ae22-56b6b6499611', 1, 2);
INSERT INTO SURVEY.SURVEY_GROUP_RATING_ITEM_DEFINITIONS (ID, VERSION, SURVEY_DEFINITION_ID, SURVEY_DEFINITION_VERSION, NAME, SURVEY_GROUP_DEFINITION_ID, SURVEY_GROUP_DEFINITION_VERSION, RATING_TYPE) VALUES
  ('c3454d3c-8ba9-11e6-ae22-56b6b6499611', 1, '706fb4a4-8ba8-11e6-ae22-56b6b6499611', 1, 'Openness', '98886698-8ba8-11e6-ae22-56b6b6499611', 1, 2);
INSERT INTO SURVEY.SURVEY_GROUP_RATING_ITEM_DEFINITIONS (ID, VERSION, SURVEY_DEFINITION_ID, SURVEY_DEFINITION_VERSION, NAME, SURVEY_GROUP_DEFINITION_ID, SURVEY_GROUP_DEFINITION_VERSION, RATING_TYPE) VALUES
  ('c3454e04-8ba9-11e6-ae22-56b6b6499611', 1, '706fb4a4-8ba8-11e6-ae22-56b6b6499611', 1, 'Positive Attitude', '98886698-8ba8-11e6-ae22-56b6b6499611', 1, 2);
INSERT INTO SURVEY.SURVEY_GROUP_RATING_ITEM_DEFINITIONS (ID, VERSION, SURVEY_DEFINITION_ID, SURVEY_DEFINITION_VERSION, NAME, SURVEY_GROUP_DEFINITION_ID, SURVEY_GROUP_DEFINITION_VERSION, RATING_TYPE) VALUES
  ('c3454ec2-8ba9-11e6-ae22-56b6b6499611', 1, '706fb4a4-8ba8-11e6-ae22-56b6b6499611', 1, 'Teamwork', '98886698-8ba8-11e6-ae22-56b6b6499611', 1, 2);
INSERT INTO SURVEY.SURVEY_GROUP_RATING_ITEM_DEFINITIONS (ID, VERSION, SURVEY_DEFINITION_ID, SURVEY_DEFINITION_VERSION, NAME, SURVEY_GROUP_DEFINITION_ID, SURVEY_GROUP_DEFINITION_VERSION, RATING_TYPE) VALUES
  ('c3454f8a-8ba9-11e6-ae22-56b6b6499611', 1, '706fb4a4-8ba8-11e6-ae22-56b6b6499611', 1, 'Making a Difference', '98886698-8ba8-11e6-ae22-56b6b6499611', 1, 2);
INSERT INTO SURVEY.SURVEY_GROUP_RATING_ITEM_DEFINITIONS (ID, VERSION, SURVEY_DEFINITION_ID, SURVEY_DEFINITION_VERSION, NAME, SURVEY_GROUP_DEFINITION_ID, SURVEY_GROUP_DEFINITION_VERSION, RATING_TYPE) VALUES
  ('c345523c-8ba9-11e6-ae22-56b6b6499611', 1, '706fb4a4-8ba8-11e6-ae22-56b6b6499611', 1, 'Trust', '98886698-8ba8-11e6-ae22-56b6b6499611', 1, 2);


INSERT INTO SURVEY.SURVEY_INSTANCES (ID, SURVEY_DEFINITION_ID, SURVEY_DEFINITION_VERSION) VALUES
  ('ef9780a3-4427-41ce-b6c1-6b44e343288d', '706fb4a4-8ba8-11e6-ae22-56b6b6499611', 1);

INSERT INTO SURVEY.SURVEY_REQUESTS (ID, SURVEY_INSTANCE_ID) VALUES
  ('0607b63e-8bcb-11e6-a865-0401beb96201', 'ef9780a3-4427-41ce-b6c1-6b44e343288d');

INSERT INTO SURVEY.SURVEY_RESPONSES (ID, SURVEY_INSTANCE_ID, SURVEY_REQUEST_ID) VALUES
  ('39349e3c-8bcb-11e6-bc9f-0401beb96201', 'ef9780a3-4427-41ce-b6c1-6b44e343288d', '0607b63e-8bcb-11e6-a865-0401beb96201');


-- Accountability
INSERT INTO SURVEY.SURVEY_GROUP_RATING_ITEM_RESPONSES (ID, SURVEY_RESPONSE_ID, SURVEY_GROUP_RATING_ITEM_DEFINITION_ID, SURVEY_GROUP_RATING_ITEM_DEFINITION_VERSION, SURVEY_GROUP_MEMBER_DEFINITION_ID, SURVEY_GROUP_MEMBER_DEFINITION_VERSION, RATING) VALUES
  ('3208b098-8bcc-11e6-8ddb-0401beb96201', '39349e3c-8bcb-11e6-bc9f-0401beb96201', 'c34543f0-8ba9-11e6-ae22-56b6b6499611', 1, 'dd6c1390-8ba8-11e6-ae22-56b6b6499611', 1, 1);
INSERT INTO SURVEY.SURVEY_GROUP_RATING_ITEM_RESPONSES (ID, SURVEY_RESPONSE_ID, SURVEY_GROUP_RATING_ITEM_DEFINITION_ID, SURVEY_GROUP_RATING_ITEM_DEFINITION_VERSION, SURVEY_GROUP_MEMBER_DEFINITION_ID, SURVEY_GROUP_MEMBER_DEFINITION_VERSION, RATING) VALUES
  ('bdeee456-8bcc-11e6-8ddb-0401beb96201', '39349e3c-8bcb-11e6-bc9f-0401beb96201', 'c34543f0-8ba9-11e6-ae22-56b6b6499611', 1, 'dd6c0ea4-8ba8-11e6-ae22-56b6b6499611', 1, 1);

-- Competence
INSERT INTO SURVEY.SURVEY_GROUP_RATING_ITEM_RESPONSES (ID, SURVEY_RESPONSE_ID, SURVEY_GROUP_RATING_ITEM_DEFINITION_ID, SURVEY_GROUP_RATING_ITEM_DEFINITION_VERSION, SURVEY_GROUP_MEMBER_DEFINITION_ID, SURVEY_GROUP_MEMBER_DEFINITION_VERSION, RATING) VALUES
  ('e74510fe-8bcd-11e6-8ddb-0401beb96201', '39349e3c-8bcb-11e6-bc9f-0401beb96201', 'c345462a-8ba9-11e6-ae22-56b6b6499611', 1, 'dd6c1390-8ba8-11e6-ae22-56b6b6499611', 1, 1);
INSERT INTO SURVEY.SURVEY_GROUP_RATING_ITEM_RESPONSES (ID, SURVEY_RESPONSE_ID, SURVEY_GROUP_RATING_ITEM_DEFINITION_ID, SURVEY_GROUP_RATING_ITEM_DEFINITION_VERSION, SURVEY_GROUP_MEMBER_DEFINITION_ID, SURVEY_GROUP_MEMBER_DEFINITION_VERSION, RATING) VALUES
  ('eca84aac-8bcd-11e6-bc9f-0401beb96201', '39349e3c-8bcb-11e6-bc9f-0401beb96201', 'c345462a-8ba9-11e6-ae22-56b6b6499611', 1, 'dd6c0ea4-8ba8-11e6-ae22-56b6b6499611', 1, 1);

-- Courage
INSERT INTO SURVEY.SURVEY_GROUP_RATING_ITEM_RESPONSES (ID, SURVEY_RESPONSE_ID, SURVEY_GROUP_RATING_ITEM_DEFINITION_ID, SURVEY_GROUP_RATING_ITEM_DEFINITION_VERSION, SURVEY_GROUP_MEMBER_DEFINITION_ID, SURVEY_GROUP_MEMBER_DEFINITION_VERSION, RATING) VALUES
  ('f08d43d4-8bcd-11e6-910e-0401beb96201', '39349e3c-8bcb-11e6-bc9f-0401beb96201', 'c34549f4-8ba9-11e6-ae22-56b6b6499611', 1, 'dd6c1390-8ba8-11e6-ae22-56b6b6499611', 1, 1);
INSERT INTO SURVEY.SURVEY_GROUP_RATING_ITEM_RESPONSES (ID, SURVEY_RESPONSE_ID, SURVEY_GROUP_RATING_ITEM_DEFINITION_ID, SURVEY_GROUP_RATING_ITEM_DEFINITION_VERSION, SURVEY_GROUP_MEMBER_DEFINITION_ID, SURVEY_GROUP_MEMBER_DEFINITION_VERSION, RATING) VALUES
  ('f5365bb4-8bcd-11e6-bc9f-0401beb96201', '39349e3c-8bcb-11e6-bc9f-0401beb96201', 'c34549f4-8ba9-11e6-ae22-56b6b6499611', 1, 'dd6c0ea4-8ba8-11e6-ae22-56b6b6499611', 1, 1);

-- Fairness
INSERT INTO SURVEY.SURVEY_GROUP_RATING_ITEM_RESPONSES (ID, SURVEY_RESPONSE_ID, SURVEY_GROUP_RATING_ITEM_DEFINITION_ID, SURVEY_GROUP_RATING_ITEM_DEFINITION_VERSION, SURVEY_GROUP_MEMBER_DEFINITION_ID, SURVEY_GROUP_MEMBER_DEFINITION_VERSION, RATING) VALUES
  ('ffaeb78a-8bcd-11e6-8ddb-0401beb96201', '39349e3c-8bcb-11e6-bc9f-0401beb96201', 'c3454b7a-8ba9-11e6-ae22-56b6b6499611', 1, 'dd6c1390-8ba8-11e6-ae22-56b6b6499611', 1, 1);
INSERT INTO SURVEY.SURVEY_GROUP_RATING_ITEM_RESPONSES (ID, SURVEY_RESPONSE_ID, SURVEY_GROUP_RATING_ITEM_DEFINITION_ID, SURVEY_GROUP_RATING_ITEM_DEFINITION_VERSION, SURVEY_GROUP_MEMBER_DEFINITION_ID, SURVEY_GROUP_MEMBER_DEFINITION_VERSION, RATING) VALUES
  ('03e0ebd4-8bce-11e6-bc9f-0401beb96201', '39349e3c-8bcb-11e6-bc9f-0401beb96201', 'c3454b7a-8ba9-11e6-ae22-56b6b6499611', 1, 'dd6c0ea4-8ba8-11e6-ae22-56b6b6499611', 1, 1);

-- Integrity
INSERT INTO SURVEY.SURVEY_GROUP_RATING_ITEM_RESPONSES (ID, SURVEY_RESPONSE_ID, SURVEY_GROUP_RATING_ITEM_DEFINITION_ID, SURVEY_GROUP_RATING_ITEM_DEFINITION_VERSION, SURVEY_GROUP_MEMBER_DEFINITION_ID, SURVEY_GROUP_MEMBER_DEFINITION_VERSION, RATING) VALUES
  ('0712915e-8bce-11e6-b9cf-0401beb96201', '39349e3c-8bcb-11e6-bc9f-0401beb96201', 'c3454c6a-8ba9-11e6-ae22-56b6b6499611', 1, 'dd6c1390-8ba8-11e6-ae22-56b6b6499611', 1, 1);
INSERT INTO SURVEY.SURVEY_GROUP_RATING_ITEM_RESPONSES (ID, SURVEY_RESPONSE_ID, SURVEY_GROUP_RATING_ITEM_DEFINITION_ID, SURVEY_GROUP_RATING_ITEM_DEFINITION_VERSION, SURVEY_GROUP_MEMBER_DEFINITION_ID, SURVEY_GROUP_MEMBER_DEFINITION_VERSION, RATING) VALUES
  ('0a38fa12-8bce-11e6-910e-0401beb96201', '39349e3c-8bcb-11e6-bc9f-0401beb96201', 'c3454c6a-8ba9-11e6-ae22-56b6b6499611', 1, 'dd6c0ea4-8ba8-11e6-ae22-56b6b6499611', 1, 1);

-- Openness
INSERT INTO SURVEY.SURVEY_GROUP_RATING_ITEM_RESPONSES (ID, SURVEY_RESPONSE_ID, SURVEY_GROUP_RATING_ITEM_DEFINITION_ID, SURVEY_GROUP_RATING_ITEM_DEFINITION_VERSION, SURVEY_GROUP_MEMBER_DEFINITION_ID, SURVEY_GROUP_MEMBER_DEFINITION_VERSION, RATING) VALUES
  ('0db1b74c-8bce-11e6-bc9f-0401beb96201', '39349e3c-8bcb-11e6-bc9f-0401beb96201', 'c3454d3c-8ba9-11e6-ae22-56b6b6499611', 1, 'dd6c1390-8ba8-11e6-ae22-56b6b6499611', 1, 1);
INSERT INTO SURVEY.SURVEY_GROUP_RATING_ITEM_RESPONSES (ID, SURVEY_RESPONSE_ID, SURVEY_GROUP_RATING_ITEM_DEFINITION_ID, SURVEY_GROUP_RATING_ITEM_DEFINITION_VERSION, SURVEY_GROUP_MEMBER_DEFINITION_ID, SURVEY_GROUP_MEMBER_DEFINITION_VERSION, RATING) VALUES
  ('12b0dd04-8bce-11e6-a865-0401beb96201', '39349e3c-8bcb-11e6-bc9f-0401beb96201', 'c3454d3c-8ba9-11e6-ae22-56b6b6499611', 1, 'dd6c0ea4-8ba8-11e6-ae22-56b6b6499611', 1, 1);

-- Positive Attitude
INSERT INTO SURVEY.SURVEY_GROUP_RATING_ITEM_RESPONSES (ID, SURVEY_RESPONSE_ID, SURVEY_GROUP_RATING_ITEM_DEFINITION_ID, SURVEY_GROUP_RATING_ITEM_DEFINITION_VERSION, SURVEY_GROUP_MEMBER_DEFINITION_ID, SURVEY_GROUP_MEMBER_DEFINITION_VERSION, RATING) VALUES
  ('169448a2-8bce-11e6-910e-0401beb96201', '39349e3c-8bcb-11e6-bc9f-0401beb96201', 'c3454e04-8ba9-11e6-ae22-56b6b6499611', 1, 'dd6c1390-8ba8-11e6-ae22-56b6b6499611', 1, 1);
INSERT INTO SURVEY.SURVEY_GROUP_RATING_ITEM_RESPONSES (ID, SURVEY_RESPONSE_ID, SURVEY_GROUP_RATING_ITEM_DEFINITION_ID, SURVEY_GROUP_RATING_ITEM_DEFINITION_VERSION, SURVEY_GROUP_MEMBER_DEFINITION_ID, SURVEY_GROUP_MEMBER_DEFINITION_VERSION, RATING) VALUES
  ('1b14feb2-8bce-11e6-8ddb-0401beb96201', '39349e3c-8bcb-11e6-bc9f-0401beb96201', 'c3454e04-8ba9-11e6-ae22-56b6b6499611', 1, 'dd6c0ea4-8ba8-11e6-ae22-56b6b6499611', 1, 1);

-- Teamwork
INSERT INTO SURVEY.SURVEY_GROUP_RATING_ITEM_RESPONSES (ID, SURVEY_RESPONSE_ID, SURVEY_GROUP_RATING_ITEM_DEFINITION_ID, SURVEY_GROUP_RATING_ITEM_DEFINITION_VERSION, SURVEY_GROUP_MEMBER_DEFINITION_ID, SURVEY_GROUP_MEMBER_DEFINITION_VERSION, RATING) VALUES
  ('27803d56-8bce-11e6-910e-0401beb96201', '39349e3c-8bcb-11e6-bc9f-0401beb96201', 'c3454ec2-8ba9-11e6-ae22-56b6b6499611', 1, 'dd6c1390-8ba8-11e6-ae22-56b6b6499611', 1, 1);
INSERT INTO SURVEY.SURVEY_GROUP_RATING_ITEM_RESPONSES (ID, SURVEY_RESPONSE_ID, SURVEY_GROUP_RATING_ITEM_DEFINITION_ID, SURVEY_GROUP_RATING_ITEM_DEFINITION_VERSION, SURVEY_GROUP_MEMBER_DEFINITION_ID, SURVEY_GROUP_MEMBER_DEFINITION_VERSION, RATING) VALUES
  ('2b2232b6-8bce-11e6-8ddb-0401beb96201', '39349e3c-8bcb-11e6-bc9f-0401beb96201', 'c3454ec2-8ba9-11e6-ae22-56b6b6499611', 1, 'dd6c0ea4-8ba8-11e6-ae22-56b6b6499611', 1, 1);

-- Making a Difference
INSERT INTO SURVEY.SURVEY_GROUP_RATING_ITEM_RESPONSES (ID, SURVEY_RESPONSE_ID, SURVEY_GROUP_RATING_ITEM_DEFINITION_ID, SURVEY_GROUP_RATING_ITEM_DEFINITION_VERSION, SURVEY_GROUP_MEMBER_DEFINITION_ID, SURVEY_GROUP_MEMBER_DEFINITION_VERSION, RATING) VALUES
  ('2e198442-8bce-11e6-a865-0401beb96201', '39349e3c-8bcb-11e6-bc9f-0401beb96201', 'c3454f8a-8ba9-11e6-ae22-56b6b6499611', 1, 'dd6c1390-8ba8-11e6-ae22-56b6b6499611', 1, 1);
INSERT INTO SURVEY.SURVEY_GROUP_RATING_ITEM_RESPONSES (ID, SURVEY_RESPONSE_ID, SURVEY_GROUP_RATING_ITEM_DEFINITION_ID, SURVEY_GROUP_RATING_ITEM_DEFINITION_VERSION, SURVEY_GROUP_MEMBER_DEFINITION_ID, SURVEY_GROUP_MEMBER_DEFINITION_VERSION, RATING) VALUES
  ('30d76884-8bce-11e6-8ddb-0401beb96201', '39349e3c-8bcb-11e6-bc9f-0401beb96201', 'c3454f8a-8ba9-11e6-ae22-56b6b6499611', 1, 'dd6c0ea4-8ba8-11e6-ae22-56b6b6499611', 1, 1);

-- Trust
INSERT INTO SURVEY.SURVEY_GROUP_RATING_ITEM_RESPONSES (ID, SURVEY_RESPONSE_ID, SURVEY_GROUP_RATING_ITEM_DEFINITION_ID, SURVEY_GROUP_RATING_ITEM_DEFINITION_VERSION, SURVEY_GROUP_MEMBER_DEFINITION_ID, SURVEY_GROUP_MEMBER_DEFINITION_VERSION, RATING) VALUES
  ('348e2f94-8bce-11e6-8ddb-0401beb96201', '39349e3c-8bcb-11e6-bc9f-0401beb96201', 'c345523c-8ba9-11e6-ae22-56b6b6499611', 1, 'dd6c1390-8ba8-11e6-ae22-56b6b6499611', 1, 1);
INSERT INTO SURVEY.SURVEY_GROUP_RATING_ITEM_RESPONSES (ID, SURVEY_RESPONSE_ID, SURVEY_GROUP_RATING_ITEM_DEFINITION_ID, SURVEY_GROUP_RATING_ITEM_DEFINITION_VERSION, SURVEY_GROUP_MEMBER_DEFINITION_ID, SURVEY_GROUP_MEMBER_DEFINITION_VERSION, RATING) VALUES
  ('3760b9bc-8bce-11e6-b9cf-0401beb96201', '39349e3c-8bcb-11e6-bc9f-0401beb96201', 'c345523c-8ba9-11e6-ae22-56b6b6499611', 1, 'dd6c0ea4-8ba8-11e6-ae22-56b6b6499611', 1, 1);


