-- -------------------------------------------------------------------------------------------------
-- NOTE: When changing this file you may also need to modify the following file:
--       - ApplicationPostgres.sql (mmp-application)
--
--  Execute the following command to start the database server if it is not running:
--
--    OS X: pg_ctl -D /usr/local/var/postgres -l /usr/local/var/postgres/postgres.log start 
--    CentOS (as root): service postgresql-9.4 start 
--
--  Execute the following command to create the database:
--
--    OS X: createdb  --template=template0 --encoding=UTF8 surveydb
--    CentOS (as root): sudo su postgres -c 'createdb --template=template1 --encoding=UTF8 surveydb'
--
--  Execute the following command to initialise the database:
--
--    OS X: psql -d surveydb -f SurveyPostgres.sql
--    CentOS (as root): su postgres -c 'psql -d surveydb -f SurveyPostgres.sql'
--
--  Execute the following command to delete the database:
--
--    OS X: dropdb surveydb
--    CentOS (as root): su postgres -c 'dropdb surveydb'
--
--  Execute the following command to clean-up unreferenced large objects on the database:
--
--    OS X: vacuumlo surveydb
--    CentOS (as root): su postgres -c 'vacuumlo surveydb'
--
-- -------------------------------------------------------------------------------------------------
set client_min_messages='warning';

-- -------------------------------------------------------------------------------------------------
-- DROP TABLES
-- -------------------------------------------------------------------------------------------------
DROP TABLE IF EXISTS SURVEY.SURVEY_AUDIENCES CASCADE;
DROP TABLE IF EXISTS SURVEY.SURVEY_RESPONSES CASCADE;
DROP TABLE IF EXISTS SURVEY.SURVEY_REQUESTS CASCADE;
DROP TABLE IF EXISTS SURVEY.SURVEY_INSTANCES CASCADE;
DROP TABLE IF EXISTS SURVEY.SURVEY_DEFINITIONS CASCADE;

DROP TABLE IF EXISTS MMP.SMS CASCADE;
DROP TABLE IF EXISTS MMP.REPORT_DEFINITIONS CASCADE;
DROP TABLE IF EXISTS MMP.CACHED_CODES CASCADE;
DROP TABLE IF EXISTS MMP.CACHED_CODE_CATEGORIES CASCADE;
DROP TABLE IF EXISTS MMP.CODES CASCADE;
DROP TABLE IF EXISTS MMP.CODE_CATEGORIES CASCADE;
DROP TABLE IF EXISTS MMP.JOB_PARAMETERS CASCADE;
DROP TABLE IF EXISTS MMP.JOBS CASCADE;
DROP TABLE IF EXISTS MMP.ROLE_TO_GROUP_MAP CASCADE;
DROP TABLE IF EXISTS MMP.FUNCTION_TO_ROLE_MAP CASCADE;
DROP TABLE IF EXISTS MMP.ROLES CASCADE;
DROP TABLE IF EXISTS MMP.FUNCTIONS CASCADE;
DROP TABLE IF EXISTS MMP.GROUPS CASCADE;
DROP TABLE IF EXISTS MMP.INTERNAL_USER_TO_INTERNAL_GROUP_MAP CASCADE;
DROP TABLE IF EXISTS MMP.INTERNAL_GROUPS CASCADE;
DROP TABLE IF EXISTS MMP.INTERNAL_USERS_PASSWORD_HISTORY CASCADE;
DROP TABLE IF EXISTS MMP.INTERNAL_USERS CASCADE;
DROP TABLE IF EXISTS MMP.USER_DIRECTORY_TO_ORGANISATION_MAP CASCADE;
DROP TABLE IF EXISTS MMP.USER_DIRECTORIES CASCADE;
DROP TABLE IF EXISTS MMP.USER_DIRECTORY_TYPES CASCADE;
DROP TABLE IF EXISTS MMP.ORGANISATIONS CASCADE;
DROP TABLE IF EXISTS MMP.SERVICE_REGISTRY CASCADE;
DROP TABLE IF EXISTS MMP.REGISTRY CASCADE;
DROP TABLE IF EXISTS MMP.CONFIG CASCADE;
DROP TABLE IF EXISTS MMP.IDGENERATOR CASCADE;



-- -------------------------------------------------------------------------------------------------
-- DROP SCHEMAS
-- -------------------------------------------------------------------------------------------------
DROP SCHEMA IF EXISTS MMP CASCADE;
DROP SCHEMA IF EXISTS SURVEY CASCADE;



-- -------------------------------------------------------------------------------------------------
-- DROP ROLES
-- -------------------------------------------------------------------------------------------------
DROP OWNED BY survey CASCADE;
DROP ROLE IF EXISTS survey;



-- -------------------------------------------------------------------------------------------------
-- CREATE ROLES
-- -------------------------------------------------------------------------------------------------
CREATE ROLE survey WITH LOGIN PASSWORD 'Password1';
ALTER ROLE survey WITH LOGIN;



-- -------------------------------------------------------------------------------------------------
-- CREATE PROCEDURES
-- -------------------------------------------------------------------------------------------------
--
-- CREATE OR REPLACE FUNCTION bytea_import(p_path text, p_result out bytea)
--                    language plpgsql as $$
-- declare
--   l_oid oid;
--   r record;
-- begin
--   p_result := '';
--   select lo_import(p_path) into l_oid;
--   for r in ( select data
--              from pg_largeobject
--              where loid = l_oid
--              order by pageno ) loop
--     p_result = p_result || r.data;
--   end loop;
--   perform lo_unlink(l_oid);
-- end;$$;



-- -------------------------------------------------------------------------------------------------
-- CREATE SCHEMAS
-- -------------------------------------------------------------------------------------------------
CREATE SCHEMA MMP;
CREATE SCHEMA SURVEY;



-- -------------------------------------------------------------------------------------------------
-- CREATE TABLES
-- -------------------------------------------------------------------------------------------------
CREATE TABLE MMP.IDGENERATOR (
  NAME     TEXT NOT NULL,
  CURRENT  BIGINT DEFAULT 0,

  PRIMARY KEY (NAME)
);

COMMENT ON COLUMN MMP.IDGENERATOR.NAME
  IS 'The name giving the type of entity associated with the generated ID';

COMMENT ON COLUMN MMP.IDGENERATOR.CURRENT
  IS 'The current ID for the type';



CREATE TABLE MMP.CONFIG (
  KEY          TEXT NOT NULL,
  VALUE        TEXT NOT NULL,
  DESCRIPTION  TEXT NOT NULL,

  PRIMARY KEY (KEY)
);

COMMENT ON COLUMN MMP.CONFIG.KEY
  IS 'The key used to uniquely identify the configuration value';

COMMENT ON COLUMN MMP.CONFIG.VALUE
  IS 'The value for the configuration value';

COMMENT ON COLUMN MMP.CONFIG.DESCRIPTION
  IS 'The description for the configuration value';



CREATE TABLE MMP.REGISTRY (
  ID          UUID NOT NULL,
  PARENT_ID   UUID,
  ENTRY_TYPE  INTEGER NOT NULL,
  NAME        TEXT NOT NULL,
  SVALUE      TEXT,
  IVALUE      INTEGER,
  DVALUE      DECIMAL(16,12),
  BVALUE      BYTEA,

  PRIMARY KEY (ID)
);

CREATE INDEX MMP_REGISTRY_NAME_IX
  ON MMP.REGISTRY
  (NAME);

CREATE INDEX MMP_REGISTRY_PARENT_ID_IX
  ON MMP.REGISTRY
  (PARENT_ID);

COMMENT ON COLUMN MMP.REGISTRY.ID
  IS 'The Universally Unique Identifier (UUID) used to uniquely identify the registry entry';

COMMENT ON COLUMN MMP.REGISTRY.PARENT_ID
  IS 'The Universally Unique Identifier (UUID) used to uniquely identify the parent entry for the registry entry';

COMMENT ON COLUMN MMP.REGISTRY.ENTRY_TYPE
  IS 'The type of registry entry';

COMMENT ON COLUMN MMP.REGISTRY.NAME
  IS 'The name of the registry entry';

COMMENT ON COLUMN MMP.REGISTRY.SVALUE
  IS 'The string value for the registry entry';

COMMENT ON COLUMN MMP.REGISTRY.IVALUE
  IS 'The integer value for the registry entry';

COMMENT ON COLUMN MMP.REGISTRY.DVALUE
  IS 'The decimal value for the registry entry';

COMMENT ON COLUMN MMP.REGISTRY.BVALUE
  IS 'The binary value for the registry entry';



CREATE TABLE MMP.SERVICE_REGISTRY (
  NAME                  TEXT NOT NULL,
  SECURITY_TYPE         INTEGER NOT NULL,
  REQUIRES_USER_TOKEN   CHAR(1) NOT NULL,
	SUPPORTS_COMPRESSION  CHAR(1) NOT NULL,
	ENDPOINT              TEXT NOT NULL,
  SERVICE_CLASS         TEXT NOT NULL,
  WSDL_LOCATION         TEXT NOT NULL,
  USERNAME              TEXT,
  PASSWORD              TEXT,

	PRIMARY KEY (NAME)
);

COMMENT ON COLUMN MMP.SERVICE_REGISTRY.NAME
  IS 'The name used to uniquely identify the web service';

COMMENT ON COLUMN MMP.SERVICE_REGISTRY.SECURITY_TYPE
  IS 'The type of security model implemented by the web service i.e. 0 = None, 1 = WS-Security X509 Certificates, 2 = WS-Security Username Token, 3 = Client SSL, 4 = HTTP Authentication';

COMMENT ON COLUMN MMP.SERVICE_REGISTRY.REQUIRES_USER_TOKEN
  IS 'Does the web service require a user security token';

COMMENT ON COLUMN MMP.SERVICE_REGISTRY.SUPPORTS_COMPRESSION
  IS 'Does the web service support compression';

COMMENT ON COLUMN MMP.SERVICE_REGISTRY.ENDPOINT
  IS 'The endpoint for the web service';

COMMENT ON COLUMN MMP.SERVICE_REGISTRY.SERVICE_CLASS
  IS 'The fully qualified name of the Java service class';

COMMENT ON COLUMN MMP.SERVICE_REGISTRY.WSDL_LOCATION
  IS 'The location of the WSDL defining the web service on the classpath';



CREATE TABLE MMP.ORGANISATIONS (
  ID    UUID NOT NULL,
  NAME  TEXT NOT NULL,

  PRIMARY KEY (ID)
);

CREATE INDEX MMP_ORGANISATIONS_NAME_IX
  ON MMP.ORGANISATIONS
  (NAME);

COMMENT ON COLUMN MMP.ORGANISATIONS.ID
  IS 'The Universally Unique Identifier (UUID) used to uniquely identify the organisation';

COMMENT ON COLUMN MMP.ORGANISATIONS.NAME
  IS 'The name of the organisation';



CREATE TABLE MMP.USER_DIRECTORY_TYPES (
  ID                    UUID NOT NULL,
  NAME                  TEXT NOT NULL,
  USER_DIRECTORY_CLASS  TEXT NOT NULL,
  ADMINISTRATION_CLASS  TEXT NOT NULL,

  PRIMARY KEY (ID)
);

COMMENT ON COLUMN MMP.USER_DIRECTORY_TYPES.ID
IS 'The Universally Unique Identifier (UUID) used to uniquely identify the user directory type';

COMMENT ON COLUMN MMP.USER_DIRECTORY_TYPES.NAME
IS 'The name of the user directory type';

COMMENT ON COLUMN MMP.USER_DIRECTORY_TYPES.USER_DIRECTORY_CLASS
IS 'The fully qualified name of the Java class that implements the user directory type';

COMMENT ON COLUMN MMP.USER_DIRECTORY_TYPES.ADMINISTRATION_CLASS
IS 'The fully qualified name of the Java class that implements the Wicket component used to administer the configuration for the user directory type';



CREATE TABLE MMP.USER_DIRECTORIES (
  ID             UUID NOT NULL,
  TYPE_ID        UUID NOT NULL,
  NAME           TEXT NOT NULL,
  CONFIGURATION  TEXT NOT NULL,

  PRIMARY KEY (ID),
  CONSTRAINT MMP_USER_DIRECTORIES_USER_DIRECTORY_TYPE_FK FOREIGN KEY (TYPE_ID) REFERENCES MMP.USER_DIRECTORY_TYPES(ID) ON DELETE CASCADE
);

CREATE INDEX MMP_USER_DIRECTORIES_NAME_IX
  ON MMP.USER_DIRECTORIES
  (NAME);

COMMENT ON COLUMN MMP.USER_DIRECTORIES.ID
IS 'The Universally Unique Identifier (UUID) used to uniquely identify the user directory';

COMMENT ON COLUMN MMP.USER_DIRECTORIES.TYPE_ID
IS 'The Universally Unique Identifier (UUID) used to uniquely identify the user directory type';

COMMENT ON COLUMN MMP.USER_DIRECTORIES.NAME
IS 'The name of the user directory';

COMMENT ON COLUMN MMP.USER_DIRECTORIES.CONFIGURATION
IS 'The XML configuration data for the user directory';



CREATE TABLE MMP.USER_DIRECTORY_TO_ORGANISATION_MAP (
  USER_DIRECTORY_ID  UUID NOT NULL,
  ORGANISATION_ID    UUID NOT NULL,

  PRIMARY KEY (USER_DIRECTORY_ID, ORGANISATION_ID),
  CONSTRAINT MMP_USER_DIRECTORY_TO_ORGANISATION_MAP_USER_DIRECTORY_FK FOREIGN KEY (USER_DIRECTORY_ID) REFERENCES MMP.USER_DIRECTORIES(ID) ON DELETE CASCADE,
  CONSTRAINT MMP_USER_DIRECTORY_TO_ORGANISATION_MAP_ORGANISATION_FK FOREIGN KEY (ORGANISATION_ID) REFERENCES MMP.ORGANISATIONS(ID) ON DELETE CASCADE
);

CREATE INDEX MMP_USER_DIRECTORY_TO_ORGANISATION_MAP_USER_DIRECTORY_ID_IX
  ON MMP.USER_DIRECTORY_TO_ORGANISATION_MAP
  (USER_DIRECTORY_ID);

CREATE INDEX MMP_USER_DIRECTORY_TO_ORGANISATION_MAP_ORGANISATION_ID_IX
  ON MMP.USER_DIRECTORY_TO_ORGANISATION_MAP
  (ORGANISATION_ID);

COMMENT ON COLUMN MMP.USER_DIRECTORY_TO_ORGANISATION_MAP.USER_DIRECTORY_ID
  IS 'The Universally Unique Identifier (UUID) used to uniquely identify the user directory';

COMMENT ON COLUMN MMP.USER_DIRECTORY_TO_ORGANISATION_MAP.ORGANISATION_ID
  IS 'The Universally Unique Identifier (UUID) used to uniquely identify the organisation';



CREATE TABLE MMP.INTERNAL_USERS (
  ID                 UUID NOT NULL,
  USER_DIRECTORY_ID  UUID NOT NULL,
  USERNAME           TEXT NOT NULL,
  PASSWORD           TEXT,
  FIRST_NAME         TEXT,
  LAST_NAME          TEXT,
  PHONE              TEXT,
  MOBILE             TEXT,
  EMAIL              TEXT,
  PASSWORD_ATTEMPTS  INTEGER,
  PASSWORD_EXPIRY    TIMESTAMP,

  PRIMARY KEY (ID),
  CONSTRAINT MMP_INTERNAL_USERS_USER_DIRECTORY_FK FOREIGN KEY (USER_DIRECTORY_ID) REFERENCES MMP.USER_DIRECTORIES(ID) ON DELETE CASCADE
);

CREATE INDEX MMP_INTERNAL_USERS_USER_DIRECTORY_ID_IX
  ON MMP.INTERNAL_USERS
  (USER_DIRECTORY_ID);

CREATE UNIQUE INDEX MMP_INTERNAL_USERS_USERNAME_IX
  ON MMP.INTERNAL_USERS
  (USERNAME);

COMMENT ON COLUMN MMP.INTERNAL_USERS.ID
  IS 'The Universally Unique Identifier (UUID) used to uniquely identify the internal user';

COMMENT ON COLUMN MMP.INTERNAL_USERS.USER_DIRECTORY_ID
  IS 'The Universally Unique Identifier (UUID) used to uniquely identify the user directory the internal user is associated with';

COMMENT ON COLUMN MMP.INTERNAL_USERS.USERNAME
  IS 'The username for the internal user';

COMMENT ON COLUMN MMP.INTERNAL_USERS.PASSWORD
  IS 'The password for the internal user';

COMMENT ON COLUMN MMP.INTERNAL_USERS.FIRST_NAME
  IS 'The first name for the internal user';

COMMENT ON COLUMN MMP.INTERNAL_USERS.LAST_NAME
  IS 'The last name for the internal user';

COMMENT ON COLUMN MMP.INTERNAL_USERS.PHONE
  IS 'The phone number for the internal user';

COMMENT ON COLUMN MMP.INTERNAL_USERS.MOBILE
  IS 'The mobile number for the internal user';

COMMENT ON COLUMN MMP.INTERNAL_USERS.EMAIL
  IS 'The e-mail address for the internal user';

COMMENT ON COLUMN MMP.INTERNAL_USERS.PASSWORD_ATTEMPTS
  IS 'The number of failed attempts to authenticate the internal user';

COMMENT ON COLUMN MMP.INTERNAL_USERS.PASSWORD_EXPIRY
  IS 'The date and time that the internal user''s password expires';



CREATE TABLE MMP.INTERNAL_USERS_PASSWORD_HISTORY (
  ID                UUID NOT NULL,
  INTERNAL_USER_ID  UUID NOT NULL,
  CHANGED           TIMESTAMP NOT NULL,
  PASSWORD          TEXT,

  PRIMARY KEY (ID),
  CONSTRAINT MMP_INTERNAL_USERS_PASSWORD_HISTORY_INTERNAL_USER_ID_FK FOREIGN KEY (INTERNAL_USER_ID) REFERENCES MMP.INTERNAL_USERS(ID) ON DELETE CASCADE
);

CREATE INDEX MMP_INTERNAL_USERS_PASSWORD_HISTORY_INTERNAL_USER_ID_IX
  ON MMP.INTERNAL_USERS_PASSWORD_HISTORY
  (INTERNAL_USER_ID);

CREATE INDEX MMP_INTERNAL_USERS_PASSWORD_HISTORY_CHANGED_IX
  ON MMP.INTERNAL_USERS_PASSWORD_HISTORY
  (CHANGED);

COMMENT ON COLUMN MMP.INTERNAL_USERS_PASSWORD_HISTORY.ID
  IS 'The Universally Unique Identifier (UUID) used to uniquely identify the password history entry';

COMMENT ON COLUMN MMP.INTERNAL_USERS_PASSWORD_HISTORY.INTERNAL_USER_ID
  IS 'The Universally Unique Identifier (UUID) used to uniquely identify the internal user';

COMMENT ON COLUMN MMP.INTERNAL_USERS_PASSWORD_HISTORY.CHANGED
  IS 'When the password change took place for the internal user';

COMMENT ON COLUMN MMP.INTERNAL_USERS_PASSWORD_HISTORY.PASSWORD
  IS 'The password for the internal user';



CREATE TABLE MMP.INTERNAL_GROUPS (
  ID                 UUID NOT NULL,
  USER_DIRECTORY_ID  UUID NOT NULL,
  GROUPNAME          TEXT NOT NULL,
  DESCRIPTION        TEXT,

  PRIMARY KEY (ID),
  CONSTRAINT MMP_INTERNAL_GROUPS_USER_DIRECTORY_FK FOREIGN KEY (USER_DIRECTORY_ID) REFERENCES MMP.USER_DIRECTORIES(ID) ON DELETE CASCADE
);

CREATE INDEX MMP_INTERNAL_GROUPS_USER_DIRECTORY_ID_IX
  ON MMP.INTERNAL_GROUPS
  (USER_DIRECTORY_ID);

CREATE INDEX MMP_INTERNAL_GROUPS_GROUPNAME_IX
  ON MMP.INTERNAL_GROUPS
  (GROUPNAME);

COMMENT ON COLUMN MMP.INTERNAL_GROUPS.ID
  IS 'The Universally Unique Identifier (UUID) used to uniquely identify the internal group';

COMMENT ON COLUMN MMP.INTERNAL_GROUPS.USER_DIRECTORY_ID
  IS 'The Universally Unique Identifier (UUID) used to uniquely identify the user directory the internal group is associated with';

COMMENT ON COLUMN MMP.INTERNAL_GROUPS.GROUPNAME
  IS 'The group name for the internal group';

COMMENT ON COLUMN MMP.INTERNAL_GROUPS.DESCRIPTION
  IS 'A description for the internal group';



CREATE TABLE MMP.INTERNAL_USER_TO_INTERNAL_GROUP_MAP (
  INTERNAL_USER_ID   UUID NOT NULL,
  INTERNAL_GROUP_ID  UUID NOT NULL,

  PRIMARY KEY (INTERNAL_USER_ID, INTERNAL_GROUP_ID),
  CONSTRAINT MMP_INTERNAL_USER_TO_INTERNAL_GROUP_MAP_INTERNAL_USER_FK FOREIGN KEY (INTERNAL_USER_ID) REFERENCES MMP.INTERNAL_USERS(ID) ON DELETE CASCADE,
  CONSTRAINT MMP_INTERNAL_USER_TO_INTERNAL_GROUP_MAP_INTERNAL_GROUP_FK FOREIGN KEY (INTERNAL_GROUP_ID) REFERENCES MMP.INTERNAL_GROUPS(ID) ON DELETE CASCADE
);

CREATE INDEX MMP_INTERNAL_USER_TO_INTERNAL_GROUP_MAP_INTERNAL_USER_ID_IX
  ON MMP.INTERNAL_USER_TO_INTERNAL_GROUP_MAP
  (INTERNAL_USER_ID);

CREATE INDEX MMP_INTERNAL_USER_TO_INTERNAL_GROUP_MAP_INTERNAL_GROUP_ID_IX
  ON MMP.INTERNAL_USER_TO_INTERNAL_GROUP_MAP
  (INTERNAL_GROUP_ID);

COMMENT ON COLUMN MMP.INTERNAL_USER_TO_INTERNAL_GROUP_MAP.INTERNAL_USER_ID
  IS 'The Universally Unique Identifier (UUID) used to uniquely identify the internal user';

COMMENT ON COLUMN MMP.INTERNAL_USER_TO_INTERNAL_GROUP_MAP.INTERNAL_GROUP_ID
  IS 'The Universally Unique Identifier (UUID) used to uniquely identify the internal group';



CREATE TABLE MMP.GROUPS (
  ID                 UUID NOT NULL,
  USER_DIRECTORY_ID  UUID NOT NULL,
  GROUPNAME          TEXT NOT NULL,

  PRIMARY KEY (ID)
);

CREATE INDEX MMP_GROUPS_USER_DIRECTORY_ID_IX
  ON MMP.GROUPS
  (USER_DIRECTORY_ID);

CREATE INDEX MMP_GROUPS_GROUPNAME_IX
  ON MMP.GROUPS
  (GROUPNAME);

COMMENT ON COLUMN MMP.GROUPS.ID
  IS 'The Universally Unique Identifier (UUID) used to uniquely identify the group';

COMMENT ON COLUMN MMP.GROUPS.USER_DIRECTORY_ID
  IS 'The Universally Unique Identifier (UUID) used to uniquely identify the user directory the group is associated with';

COMMENT ON COLUMN MMP.GROUPS.GROUPNAME
  IS 'The group name for the group';



CREATE TABLE MMP.FUNCTIONS (
  ID           UUID NOT NULL,
  CODE         TEXT NOT NULL,
  NAME         TEXT NOT NULL,
  DESCRIPTION  TEXT,

  PRIMARY KEY (ID)
);

CREATE UNIQUE INDEX MMP_FUNCTIONS_CODE_IX
  ON MMP.FUNCTIONS
  (CODE);

COMMENT ON COLUMN MMP.FUNCTIONS.ID
  IS 'The Universally Unique Identifier (UUID) used to uniquely identify the function';

COMMENT ON COLUMN MMP.FUNCTIONS.CODE
  IS 'The unique code used to identify the function';

COMMENT ON COLUMN MMP.FUNCTIONS.NAME
  IS 'The name of the function';

COMMENT ON COLUMN MMP.FUNCTIONS.DESCRIPTION
  IS 'A description for the function';



CREATE TABLE MMP.ROLES (
  ID           UUID NOT NULL,
  NAME         TEXT NOT NULL,
  DESCRIPTION  TEXT,

  PRIMARY KEY (ID)
);

COMMENT ON COLUMN MMP.ROLES.ID
  IS 'The Universally Unique Identifier (UUID) used to uniquely identify the role';

COMMENT ON COLUMN MMP.ROLES.NAME
  IS 'The name of the role';

COMMENT ON COLUMN MMP.ROLES.DESCRIPTION
  IS 'A description for the role';



CREATE TABLE MMP.FUNCTION_TO_ROLE_MAP (
  FUNCTION_ID  UUID NOT NULL,
  ROLE_ID      UUID NOT NULL,

  PRIMARY KEY (FUNCTION_ID, ROLE_ID),
  CONSTRAINT MMP_FUNCTION_TO_ROLE_MAP_FUNCTION_FK FOREIGN KEY (FUNCTION_ID) REFERENCES MMP.FUNCTIONS(ID) ON DELETE CASCADE,
  CONSTRAINT MMP_FUNCTION_TO_ROLE_MAP_ROLE_FK FOREIGN KEY (ROLE_ID) REFERENCES MMP.ROLES(ID) ON DELETE CASCADE
);

CREATE INDEX MMP_FUNCTION_TO_ROLE_MAP_FUNCTION_ID_IX
  ON MMP.FUNCTION_TO_ROLE_MAP
  (FUNCTION_ID);

CREATE INDEX MMP_FUNCTION_TO_ROLE_MAP_ROLE_ID_IX
  ON MMP.FUNCTION_TO_ROLE_MAP
  (ROLE_ID);

COMMENT ON COLUMN MMP.FUNCTION_TO_ROLE_MAP.FUNCTION_ID
  IS 'The Universally Unique Identifier (UUID) used to uniquely identify the function';

COMMENT ON COLUMN MMP.FUNCTION_TO_ROLE_MAP.ROLE_ID
  IS 'The Universally Unique Identifier (UUID) used to uniquely identify the role';



CREATE TABLE MMP.ROLE_TO_GROUP_MAP (
  ROLE_ID   UUID NOT NULL,
  GROUP_ID  UUID NOT NULL,

  PRIMARY KEY (ROLE_ID, GROUP_ID),
  CONSTRAINT MMP_ROLE_TO_GROUP_MAP_ROLE_FK FOREIGN KEY (ROLE_ID) REFERENCES MMP.ROLES(ID) ON DELETE CASCADE,
  CONSTRAINT MMP_ROLE_TO_GROUP_MAP_GROUP_FK FOREIGN KEY (GROUP_ID) REFERENCES MMP.GROUPS(ID) ON DELETE CASCADE
);

CREATE INDEX MMP_ROLE_TO_GROUP_MAP_ROLE_ID_IX
  ON MMP.ROLE_TO_GROUP_MAP
  (ROLE_ID);

CREATE INDEX MMP_ROLE_TO_GROUP_MAP_GROUP_ID_IX
  ON MMP.ROLE_TO_GROUP_MAP
  (GROUP_ID);

COMMENT ON COLUMN MMP.ROLE_TO_GROUP_MAP.ROLE_ID
  IS 'The Universally Unique Identifier (UUID) used to uniquely identify the role';

COMMENT ON COLUMN MMP.ROLE_TO_GROUP_MAP.GROUP_ID
  IS 'The Universally Unique Identifier (UUID) used to uniquely identify the group';



CREATE TABLE MMP.JOBS (
  ID                  UUID NOT NULL,
  NAME                TEXT NOT NULL,
  SCHEDULING_PATTERN  TEXT NOT NULL,
  JOB_CLASS           TEXT NOT NULL,
  IS_ENABLED          BOOLEAN NOT NULL,
  STATUS              INTEGER NOT NULL DEFAULT 1,
  EXECUTION_ATTEMPTS  INTEGER NOT NULL DEFAULT 0,
  LOCK_NAME           TEXT,
  LAST_EXECUTED       TIMESTAMP,
  NEXT_EXECUTION      TIMESTAMP,
  UPDATED             TIMESTAMP,

  PRIMARY KEY (ID)
);

COMMENT ON COLUMN MMP.JOBS.ID
  IS 'The Universally Unique Identifier (UUID) used to uniquely identify the job';

COMMENT ON COLUMN MMP.JOBS.NAME
  IS 'The name of the job';

COMMENT ON COLUMN MMP.JOBS.SCHEDULING_PATTERN
  IS 'The cron-style scheduling pattern for the job';

COMMENT ON COLUMN MMP.JOBS.JOB_CLASS
  IS 'The fully qualified name of the Java class that implements the job';

COMMENT ON COLUMN MMP.JOBS.IS_ENABLED
  IS 'Is the job enabled for execution';

COMMENT ON COLUMN MMP.JOBS.STATUS
  IS 'The status of the job';

COMMENT ON COLUMN MMP.JOBS.EXECUTION_ATTEMPTS
  IS 'The number of times the current execution of the job has been attempted';

COMMENT ON COLUMN MMP.JOBS.LOCK_NAME
  IS 'The name of the entity that has locked the job for execution';

COMMENT ON COLUMN MMP.JOBS.LAST_EXECUTED
  IS 'The date and time the job was last executed';

COMMENT ON COLUMN MMP.JOBS.NEXT_EXECUTION
  IS 'The date and time when the job will next be executed';

COMMENT ON COLUMN MMP.JOBS.UPDATED
  IS 'The date and time the job was updated';



CREATE TABLE MMP.JOB_PARAMETERS (
  ID      UUID NOT NULL,
  JOB_ID  UUID NOT NULL,
  NAME    TEXT NOT NULL,
  VALUE   TEXT NOT NULL,

  PRIMARY KEY (ID),
  CONSTRAINT MMP_JOB_PARAMETERS_JOB_FK FOREIGN KEY (JOB_ID) REFERENCES MMP.JOBS(ID) ON DELETE CASCADE
);

CREATE INDEX MMP_JOB_PARAMETERS_JOB_ID_IX
  ON MMP.JOB_PARAMETERS
  (JOB_ID);

CREATE INDEX MMP_JOB_PARAMETERS_NAME_IX
  ON MMP.JOB_PARAMETERS
  (NAME);

COMMENT ON COLUMN MMP.JOB_PARAMETERS.ID
  IS 'The Universally Unique Identifier (UUID) used to uniquely identify the job parameter';

COMMENT ON COLUMN MMP.JOB_PARAMETERS.JOB_ID
  IS 'The Universally Unique Identifier (UUID) used to uniquely identify the job';

COMMENT ON COLUMN MMP.JOB_PARAMETERS.NAME
  IS 'The name of the job parameter';

COMMENT ON COLUMN MMP.JOB_PARAMETERS.VALUE
  IS 'The value of the job parameter';



CREATE TABLE MMP.CODE_CATEGORIES (
  ID                  UUID NOT NULL,
  CATEGORY_TYPE       INTEGER NOT NULL,
  NAME                TEXT NOT NULL,
  CODE_DATA           BYTEA,
  ENDPOINT            TEXT,
  IS_ENDPOINT_SECURE  BOOLEAN NOT NULL DEFAULT FALSE,
  IS_CACHEABLE        BOOLEAN,
  CACHE_EXPIRY        INTEGER,
  UPDATED             TIMESTAMP,

  PRIMARY KEY (ID)
);

COMMENT ON COLUMN MMP.CODE_CATEGORIES.ID
  IS 'The Universally Unique Identifier (UUID) used to uniquely identify the code category';

COMMENT ON COLUMN MMP.CODE_CATEGORIES.CATEGORY_TYPE
  IS 'The type of code category e.g. Local, RemoteHTTPService, RemoteWebService, etc';

COMMENT ON COLUMN MMP.CODE_CATEGORIES.NAME
  IS 'The name of the code category';

COMMENT ON COLUMN MMP.CODE_CATEGORIES.CODE_DATA
  IS 'The custom code data for the code category';

COMMENT ON COLUMN MMP.CODE_CATEGORIES.ENDPOINT
  IS 'The endpoint if this is a remote code category';

COMMENT ON COLUMN MMP.CODE_CATEGORIES.IS_ENDPOINT_SECURE
  IS 'Is the endpoint for the remote code category secure';

COMMENT ON COLUMN MMP.CODE_CATEGORIES.IS_CACHEABLE
  IS 'Is the code data retrieved for the remote code category cacheable';

COMMENT ON COLUMN MMP.CODE_CATEGORIES.CACHE_EXPIRY
  IS 'The time in seconds after which the cached code data for the remote code category will expire';

COMMENT ON COLUMN MMP.CODE_CATEGORIES.UPDATED
  IS 'The date and time the code category was updated';



CREATE TABLE MMP.CODES (
  ID           TEXT NOT NULL,
  CATEGORY_ID  UUID NOT NULL,
  NAME         TEXT NOT NULL,
  VALUE        TEXT NOT NULL,

  PRIMARY KEY (ID, CATEGORY_ID),
  CONSTRAINT MMP_CODES_CODE_CATEGORY_FK FOREIGN KEY (CATEGORY_ID) REFERENCES MMP.CODE_CATEGORIES(ID) ON DELETE CASCADE
);

CREATE INDEX MMP_CODES_CATEGORY_ID_IX
  ON MMP.CODES
  (CATEGORY_ID);

COMMENT ON COLUMN MMP.CODES.ID
  IS 'The ID used to uniquely identify the code';

COMMENT ON COLUMN MMP.CODES.CATEGORY_ID
  IS 'The Universally Unique Identifier (UUID) used to uniquely identify the code category the code is associated with';

COMMENT ON COLUMN MMP.CODES.NAME
  IS 'The name of the code';

COMMENT ON COLUMN MMP.CODES.VALUE
  IS 'The value for the code';



CREATE TABLE MMP.CACHED_CODE_CATEGORIES (
  ID            UUID NOT NULL,
  CODE_DATA     BYTEA,
  LAST_UPDATED  TIMESTAMP NOT NULL,
  CACHED        TIMESTAMP NOT NULL,

  PRIMARY KEY (ID),
  CONSTRAINT MMP_CACHED_CODE_CATEGORIES_CODE_CATEGORY_FK FOREIGN KEY (ID) REFERENCES MMP.CODE_CATEGORIES(ID) ON DELETE CASCADE
);

COMMENT ON COLUMN MMP.CACHED_CODE_CATEGORIES.ID
  IS 'The Universally Unique Identifier (UUID) used to uniquely identify the cached code category';

COMMENT ON COLUMN MMP.CACHED_CODE_CATEGORIES.CODE_DATA
  IS 'The custom code data for the cached code category';

COMMENT ON COLUMN MMP.CACHED_CODE_CATEGORIES.LAST_UPDATED
  IS 'The date and time the cached code category was last updated';

COMMENT ON COLUMN MMP.CACHED_CODE_CATEGORIES.CACHED
  IS 'The date and time the code category was cached';



CREATE TABLE MMP.CACHED_CODES (
  ID           TEXT NOT NULL,
  CATEGORY_ID  UUID NOT NULL,
  NAME         TEXT NOT NULL,
  VALUE        TEXT NOT NULL,

  PRIMARY KEY (CATEGORY_ID, ID),
  CONSTRAINT MMP_CACHED_CODES_CACHED_CODE_CATEGORY_FK FOREIGN KEY (CATEGORY_ID) REFERENCES MMP.CACHED_CODE_CATEGORIES(ID) ON DELETE CASCADE
);

CREATE INDEX MMP_CACHED_CODES_CATEGORY_ID_IX
  ON MMP.CACHED_CODES
  (CATEGORY_ID);

COMMENT ON COLUMN MMP.CACHED_CODES.ID
  IS 'The ID used to uniquely identify the code';

COMMENT ON COLUMN MMP.CACHED_CODES.CATEGORY_ID
  IS 'The Universally Unique Identifier (UUID) used to uniquely identify the category the code is associated with';

COMMENT ON COLUMN MMP.CACHED_CODES.NAME
  IS 'The name of the code';

COMMENT ON COLUMN MMP.CACHED_CODES.VALUE
  IS 'The value for the code';



CREATE TABLE MMP.REPORT_DEFINITIONS (
  ID        UUID NOT NULL,
  NAME      TEXT NOT NULL,
  TEMPLATE  BYTEA NOT NULL,

  PRIMARY KEY (ID)
);

COMMENT ON COLUMN MMP.REPORT_DEFINITIONS.ID
  IS 'The Universally Unique Identifier (UUID) used to uniquely identify the report definition';

COMMENT ON COLUMN MMP.REPORT_DEFINITIONS.NAME
  IS 'The name of the report definition';

COMMENT ON COLUMN MMP.REPORT_DEFINITIONS.TEMPLATE
  IS 'The JasperReports template for the report definition';



CREATE TABLE MMP.SMS (
  ID              BIGINT NOT NULL,
  MOBILE_NUMBER   TEXT NOT NULL,
  MESSAGE         TEXT NOT NULL,
  STATUS          INTEGER NOT NULL,
  SEND_ATTEMPTS   INTEGER NOT NULL,
  LOCK_NAME       TEXT,
  LAST_PROCESSED  TIMESTAMP,

  PRIMARY KEY (ID)
);

CREATE INDEX MMP_SMS_MOBILE_NUMBER_IX
  ON MMP.SMS
  (MOBILE_NUMBER);

COMMENT ON COLUMN MMP.SMS.ID
  IS 'The ID used to uniquely identify the SMS';

COMMENT ON COLUMN MMP.SMS.MOBILE_NUMBER
  IS 'The mobile number to send the SMS to';

COMMENT ON COLUMN MMP.SMS.MESSAGE
  IS 'The message to send';

COMMENT ON COLUMN MMP.SMS.STATUS
  IS 'The status of the SMS';

COMMENT ON COLUMN MMP.SMS.SEND_ATTEMPTS
  IS 'The number of times that the sending of the SMS was attempted';

COMMENT ON COLUMN MMP.SMS.LOCK_NAME
  IS 'The name of the entity that has locked the SMS for sending';

COMMENT ON COLUMN MMP.SMS.LAST_PROCESSED
  IS 'The date and time the last attempt was made to send the SMS';



CREATE TABLE SURVEY.SURVEY_DEFINITIONS (
  ID               UUID NOT NULL,
  VERSION          INTEGER NOT NULL,
  ORGANISATION_ID  UUID NOT NULL,
  NAME             TEXT NOT NULL,
  DESCRIPTION      TEXT NOT NULL,
  DATA             JSONB NOT NULL,

	PRIMARY KEY (ID, VERSION),
	CONSTRAINT  SURVEY_SURVEY_DEFINITIONS_ORGANISATION_FK FOREIGN KEY (ORGANISATION_ID) REFERENCES MMP.ORGANISATIONS(ID) ON DELETE CASCADE
);

CREATE INDEX SURVEY_SURVEY_DEFINITIONS_ORGANISATION_ID_IX
  ON SURVEY.SURVEY_DEFINITIONS
  (ORGANISATION_ID);

COMMENT ON COLUMN SURVEY.SURVEY_DEFINITIONS.ID
  IS 'The Universally Unique Identifier (UUID) used, along with the version of the survey definition, to uniquely identify the survey definition';

COMMENT ON COLUMN SURVEY.SURVEY_DEFINITIONS.VERSION
  IS 'The version of the survey definition';

COMMENT ON COLUMN SURVEY.SURVEY_DEFINITIONS.ORGANISATION_ID
  IS 'The Universally Unique Identifier (UUID) used to uniquely identify the organisation the survey definition is associated with';

COMMENT ON COLUMN SURVEY.SURVEY_DEFINITIONS.NAME
  IS 'The name of the survey definition';

COMMENT ON COLUMN SURVEY.SURVEY_DEFINITIONS.DESCRIPTION
  IS 'The description for the survey definition';

COMMENT ON COLUMN SURVEY.SURVEY_DEFINITIONS.DATA
  IS 'The JSON data for the survey definition';



CREATE TABLE SURVEY.SURVEY_INSTANCES (
  ID                         UUID NOT NULL,
  SURVEY_DEFINITION_ID       UUID NOT NULL,
  SURVEY_DEFINITION_VERSION  INTEGER NOT NULL,
  NAME                       TEXT NOT NULL,
  
	PRIMARY KEY (ID),
	CONSTRAINT  SURVEY_SURVEY_INSTANCES_SURVEY_DEFINITION_FK FOREIGN KEY (SURVEY_DEFINITION_ID, SURVEY_DEFINITION_VERSION) REFERENCES SURVEY.SURVEY_DEFINITIONS(ID, VERSION) ON DELETE CASCADE
);

CREATE INDEX SURVEY_SURVEY_INSTANCES_SURVEY_DEFINITION_IX
  ON SURVEY.SURVEY_INSTANCES
  (SURVEY_DEFINITION_ID, SURVEY_DEFINITION_VERSION);

COMMENT ON COLUMN SURVEY.SURVEY_INSTANCES.ID
  IS 'The Universally Unique Identifier (UUID) used  to uniquely identify the survey instance';

COMMENT ON COLUMN SURVEY.SURVEY_INSTANCES.SURVEY_DEFINITION_ID
  IS 'The Universally Unique Identifier (UUID) used, along with the version of the survey definition, to uniquely identify the survey definition this survey instance is associated with';

COMMENT ON COLUMN SURVEY.SURVEY_INSTANCES.SURVEY_DEFINITION_VERSION
  IS 'The version of the survey definition this survey instance is associated with';

COMMENT ON COLUMN SURVEY.SURVEY_INSTANCES.NAME
  IS 'The name of the survey instance';



CREATE TABLE SURVEY.SURVEY_REQUESTS (
  ID                  UUID NOT NULL,
  SURVEY_INSTANCE_ID  UUID NOT NULL,
  
	PRIMARY KEY (ID),
	CONSTRAINT  SURVEY_SURVEY_REQUESTS_SURVEY_INSTANCE_FK FOREIGN KEY (SURVEY_INSTANCE_ID) REFERENCES SURVEY.SURVEY_INSTANCES(ID) ON DELETE CASCADE
);

CREATE INDEX SURVEY_SURVEY_REQUESTS_SURVEY_INSTANCE_ID_IX
  ON SURVEY.SURVEY_REQUESTS
  (SURVEY_INSTANCE_ID);

COMMENT ON COLUMN SURVEY.SURVEY_REQUESTS.ID
  IS 'The Universally Unique Identifier (UUID) used  to uniquely identify the survey template group member';

COMMENT ON COLUMN SURVEY.SURVEY_REQUESTS.SURVEY_INSTANCE_ID
  IS 'The Universally Unique Identifier (UUID) used to uniquely identify the survey template group this survey template group member is associated with';



CREATE TABLE SURVEY.SURVEY_RESPONSES (
  ID                  UUID NOT NULL,
  SURVEY_INSTANCE_ID  UUID NOT NULL,
  SURVEY_REQUEST_ID   UUID,
  DATA                JSONB NOT NULL,
  
	PRIMARY KEY (ID),
	CONSTRAINT  SURVEY_SURVEY_RESPONSES_SURVEY_INSTANCE_FK FOREIGN KEY (SURVEY_INSTANCE_ID) REFERENCES SURVEY.SURVEY_INSTANCES(ID) ON DELETE CASCADE,
	CONSTRAINT  SURVEY_SURVEY_RESPONSES_SURVEY_REQUEST_FK FOREIGN KEY (SURVEY_REQUEST_ID) REFERENCES SURVEY.SURVEY_REQUESTS(ID) ON DELETE CASCADE
);

CREATE INDEX SURVEY_SURVEY_RESPONSES_SURVEY_INSTANCE_ID_IX
  ON SURVEY.SURVEY_RESPONSES
  (SURVEY_INSTANCE_ID);

CREATE INDEX SURVEY_SURVEY_RESPONSES_SURVEY_REQUEST_ID_IX
  ON SURVEY.SURVEY_RESPONSES
  (SURVEY_REQUEST_ID);

COMMENT ON COLUMN SURVEY.SURVEY_RESPONSES.ID
  IS 'The Universally Unique Identifier (UUID) used to uniquely identify the survey response';

COMMENT ON COLUMN SURVEY.SURVEY_RESPONSES.SURVEY_INSTANCE_ID
  IS 'The Universally Unique Identifier (UUID) used to uniquely identify the survey instance the survey response is associated with';

COMMENT ON COLUMN SURVEY.SURVEY_RESPONSES.SURVEY_REQUEST_ID
  IS 'The Universally Unique Identifier (UUID) used to uniquely identify the survey request the survey response is associated with';

COMMENT ON COLUMN SURVEY.SURVEY_RESPONSES.DATA
  IS 'The JSON data for the survey response';



CREATE TABLE SURVEY.SURVEY_AUDIENCES (
  ID               UUID NOT NULL,
  ORGANISATION_ID  UUID NOT NULL,
  NAME             TEXT NOT NULL,
  
	PRIMARY KEY (ID),
	CONSTRAINT  SURVEY_SURVEY_AUDIENCES_ORGANISATION_FK FOREIGN KEY (ORGANISATION_ID) REFERENCES MMP.ORGANISATIONS(ID) ON DELETE CASCADE
);

CREATE INDEX SURVEY_SURVEY_AUDIENCES_ORGANISATION_ID_IX
  ON SURVEY.SURVEY_AUDIENCES
  (ORGANISATION_ID);

COMMENT ON COLUMN SURVEY.SURVEY_AUDIENCES.ID
  IS 'The Universally Unique Identifier (UUID) used  to uniquely identify the survey audience';
  
COMMENT ON COLUMN SURVEY.SURVEY_AUDIENCES.ORGANISATION_ID
  IS 'The Universally Unique Identifier (UUID) used to uniquely identify the organisation the survey audience is associated with';  

COMMENT ON COLUMN SURVEY.SURVEY_AUDIENCES.NAME
  IS 'The name of the survey audience';



CREATE TABLE SURVEY.SURVEY_AUDIENCE_MEMBERS (
  ID                  UUID NOT NULL,
  SURVEY_AUDIENCE_ID  UUID NOT NULL,
  FIRST_NAME          TEXT NOT NULL,
  LAST_NAME           TEXT NOT NULL,
  EMAIL               TEXT NOT NULL,
  
	PRIMARY KEY (ID),
	CONSTRAINT  SURVEY_SURVEY_AUDIENCE_MEMBERS_SURVEY_AUDIENCE_FK FOREIGN KEY (SURVEY_AUDIENCE_ID) REFERENCES SURVEY.SURVEY_AUDIENCES(ID) ON DELETE CASCADE
);

CREATE INDEX SURVEY_SURVEY_AUDIENCE_MEMBERS_SURVEY_AUDIENCE_ID_IX
  ON SURVEY.SURVEY_AUDIENCE_MEMBERS
  (SURVEY_AUDIENCE_ID);

COMMENT ON COLUMN SURVEY.SURVEY_AUDIENCE_MEMBERS.ID
  IS 'The Universally Unique Identifier (UUID) used to uniquely identify the survey audience member';
  
COMMENT ON COLUMN SURVEY.SURVEY_AUDIENCE_MEMBERS.SURVEY_AUDIENCE_ID
  IS 'The Universally Unique Identifier (UUID) used to uniquely identify the survey audience the survey audience member is associated with';  

COMMENT ON COLUMN SURVEY.SURVEY_AUDIENCE_MEMBERS.FIRST_NAME
  IS 'The first name(s) for the survey audience member';

COMMENT ON COLUMN SURVEY.SURVEY_AUDIENCE_MEMBERS.LAST_NAME
  IS 'The last name for the survey audience member';

COMMENT ON COLUMN SURVEY.SURVEY_AUDIENCE_MEMBERS.EMAIL
  IS 'The e-mail address for the survey audience member';



-- -------------------------------------------------------------------------------------------------
-- POPULATE TABLES
-- -------------------------------------------------------------------------------------------------
INSERT INTO MMP.ORGANISATIONS (ID, NAME) VALUES
  ('c1685b92-9fe5-453a-995b-89d8c0f29cb5', 'MMP');
INSERT INTO MMP.ORGANISATIONS (ID, NAME) VALUES
  ('d077425e-c75f-4dd8-9d62-81f2d26b8a62', 'BAGL - Africa Technology - CTO');

INSERT INTO MMP.USER_DIRECTORY_TYPES (ID, NAME, USER_DIRECTORY_CLASS, ADMINISTRATION_CLASS) VALUES
  ('b43fda33-d3b0-4f80-a39a-110b8e530f4f', 'Internal User Directory', 'guru.mmp.application.security.InternalUserDirectory', 'guru.mmp.application.web.template.components.InternalUserDirectoryAdministrationPanel');
INSERT INTO MMP.USER_DIRECTORY_TYPES (ID, NAME, USER_DIRECTORY_CLASS, ADMINISTRATION_CLASS) VALUES
  ('e5741a89-c87b-4406-8a60-2cc0b0a5fa3e', 'LDAP User Directory', 'guru.mmp.application.security.LDAPUserDirectory', 'guru.mmp.application.web.template.components.LDAPUserDirectoryAdministrationPanel');

INSERT INTO MMP.USER_DIRECTORIES (ID, TYPE_ID, NAME, CONFIGURATION) VALUES
  ('4ef18395-423a-4df6-b7d7-6bcdd85956e4', 'b43fda33-d3b0-4f80-a39a-110b8e530f4f', 'Internal User Directory', '<?xml version="1.0" encoding="UTF-8"?><!DOCTYPE userDirectory SYSTEM "UserDirectoryConfiguration.dtd"><userDirectory><parameter><name>MaxPasswordAttempts</name><value>5</value></parameter><parameter><name>PasswordExpiryMonths</name><value>12</value></parameter><parameter><name>PasswordHistoryMonths</name><value>24</value></parameter><parameter><name>MaxFilteredUsers</name><value>100</value></parameter></userDirectory>');
INSERT INTO MMP.USER_DIRECTORIES (ID, TYPE_ID, NAME, CONFIGURATION) VALUES
  ('b229d620-bfd7-4a7b-926c-5041da432ae3', 'b43fda33-d3b0-4f80-a39a-110b8e530f4f', 'BAGL - Africa Technology - CTO', '<?xml version="1.0" encoding="UTF-8"?><!DOCTYPE userDirectory SYSTEM "UserDirectoryConfiguration.dtd"><userDirectory><parameter><name>MaxPasswordAttempts</name><value>5</value></parameter><parameter><name>PasswordExpiryMonths</name><value>12</value></parameter><parameter><name>PasswordHistoryMonths</name><value>24</value></parameter><parameter><name>MaxFilteredUsers</name><value>100</value></parameter></userDirectory>');

INSERT INTO MMP.USER_DIRECTORY_TO_ORGANISATION_MAP (USER_DIRECTORY_ID, ORGANISATION_ID) VALUES
  ('4ef18395-423a-4df6-b7d7-6bcdd85956e4', 'c1685b92-9fe5-453a-995b-89d8c0f29cb5');
INSERT INTO MMP.USER_DIRECTORY_TO_ORGANISATION_MAP (USER_DIRECTORY_ID, ORGANISATION_ID) VALUES
  ('4ef18395-423a-4df6-b7d7-6bcdd85956e4', 'd077425e-c75f-4dd8-9d62-81f2d26b8a62');
INSERT INTO MMP.USER_DIRECTORY_TO_ORGANISATION_MAP (USER_DIRECTORY_ID, ORGANISATION_ID) VALUES
  ('b229d620-bfd7-4a7b-926c-5041da432ae3', 'd077425e-c75f-4dd8-9d62-81f2d26b8a62');

INSERT INTO MMP.INTERNAL_USERS (ID, USER_DIRECTORY_ID, USERNAME, PASSWORD, FIRST_NAME, LAST_NAME, PHONE, MOBILE, EMAIL, PASSWORD_ATTEMPTS, PASSWORD_EXPIRY) VALUES
  ('b2bbf431-4af8-4104-b96c-d33b5f66d1e4', '4ef18395-423a-4df6-b7d7-6bcdd85956e4', 'Administrator', 'GVE/3J2k+3KkoF62aRdUjTyQ/5TVQZ4fI2PuqJ3+4d0=', '', '', '', '', '', null, null);

INSERT INTO MMP.INTERNAL_GROUPS (ID, USER_DIRECTORY_ID, GROUPNAME, DESCRIPTION) VALUES
  ('a9e01fa2-f017-46e2-8187-424bf50a4f33', '4ef18395-423a-4df6-b7d7-6bcdd85956e4', 'Administrators', 'Administrators');
INSERT INTO MMP.INTERNAL_GROUPS (ID, USER_DIRECTORY_ID, GROUPNAME, DESCRIPTION) VALUES
  ('758c0a2a-f3a3-4561-bebc-90569291976e', '4ef18395-423a-4df6-b7d7-6bcdd85956e4', 'Organisation Administrators', 'Organisation Administrators');
INSERT INTO MMP.INTERNAL_GROUPS (ID, USER_DIRECTORY_ID, GROUPNAME, DESCRIPTION) VALUES
  ('5cf2f1c1-aa73-48e4-be83-be3d7ca5dcc6', 'b229d620-bfd7-4a7b-926c-5041da432ae3', 'Organisation Administrators', 'Organisation Administrators');

INSERT INTO MMP.INTERNAL_USER_TO_INTERNAL_GROUP_MAP (INTERNAL_USER_ID, INTERNAL_GROUP_ID) VALUES
  ('b2bbf431-4af8-4104-b96c-d33b5f66d1e4', 'a9e01fa2-f017-46e2-8187-424bf50a4f33');

INSERT INTO MMP.GROUPS (ID, USER_DIRECTORY_ID, GROUPNAME) VALUES ('a9e01fa2-f017-46e2-8187-424bf50a4f33', '4ef18395-423a-4df6-b7d7-6bcdd85956e4', 'Administrators');
INSERT INTO MMP.GROUPS (ID, USER_DIRECTORY_ID, GROUPNAME) VALUES ('758c0a2a-f3a3-4561-bebc-90569291976e', '4ef18395-423a-4df6-b7d7-6bcdd85956e4', 'Organisation Administrators');
INSERT INTO MMP.GROUPS (ID, USER_DIRECTORY_ID, GROUPNAME) VALUES ('5cf2f1c1-aa73-48e4-be83-be3d7ca5dcc6', 'b229d620-bfd7-4a7b-926c-5041da432ae3', 'Organisation Administrators');

INSERT INTO MMP.FUNCTIONS (ID, CODE, NAME, DESCRIPTION) VALUES
  ('2a43152c-d8ae-4b08-8ad9-2448ec5debd5', 'Application.SecureHome', 'Secure Home', 'Secure Home');
INSERT INTO MMP.FUNCTIONS (ID, CODE, NAME, DESCRIPTION) VALUES
  ('f4e3b387-8cd1-4c56-a2da-fe39a78a56d9', 'Application.Dashboard', 'Dashboard', 'Dashboard');
INSERT INTO MMP.FUNCTIONS (ID, CODE, NAME, DESCRIPTION) VALUES
  ('2d52b029-920f-4b15-b646-5b9955c188e3', 'Application.OrganisationAdministration', 'Organisation Administration', 'Organisation Administration');
INSERT INTO MMP.FUNCTIONS (ID, CODE, NAME, DESCRIPTION) VALUES
  ('567d7e55-f3d0-4191-bc4c-12d357900fa3', 'Application.UserAdministration', 'User Administration', 'User Administration');
INSERT INTO MMP.FUNCTIONS (ID, CODE, NAME, DESCRIPTION) VALUES
  ('ef03f384-24f7-43eb-a29c-f5c5b838698d', 'Application.GroupAdministration', 'Group Administration', 'Group Administration');
INSERT INTO MMP.FUNCTIONS (ID, CODE, NAME, DESCRIPTION) VALUES
  ('7a54a71e-3680-4d49-b87d-29604a247413', 'Application.UserGroups', 'User Groups', 'User Groups');
INSERT INTO MMP.FUNCTIONS (ID, CODE, NAME, DESCRIPTION) VALUES
  ('0623bc3f-9a1b-4f19-8438-236660d789c5', 'Application.CodeCategoryAdministration', 'Code Category Administration', 'Code Category Administration');
INSERT INTO MMP.FUNCTIONS (ID, CODE, NAME, DESCRIPTION) VALUES
  ('4e6bc7c4-ee29-4cd7-b4d7-3be42db73dd6', 'Application.CodeAdministration', 'Code Administration', 'Code Administration');
INSERT INTO MMP.FUNCTIONS (ID, CODE, NAME, DESCRIPTION) VALUES
  ('029b9a06-0241-4a44-a234-5c489f2017ba', 'Application.ResetUserPassword', 'Reset User Password', 'Reset User Password');
INSERT INTO MMP.FUNCTIONS (ID, CODE, NAME, DESCRIPTION) VALUES
  ('9105fb6d-1629-4014-bf4c-1990a92db276', 'Application.SecurityAdministration', 'Security Administration', 'Security Administration');
INSERT INTO MMP.FUNCTIONS (ID, CODE, NAME, DESCRIPTION) VALUES
  ('b233ed4a-b30f-4356-a5d3-1c660aa69f00', 'Application.ConfigurationAdministration', 'Configuration Administration', 'Configuration Administration');

INSERT INTO MMP.FUNCTIONS (ID, CODE, NAME, DESCRIPTION) VALUES
  ('3a17959c-5dfc-43a2-9587-48a1eb95a22a', 'Application.ReportDefinitionAdministration', 'Report Definition Administration', 'Report Definition Administration');
INSERT INTO MMP.FUNCTIONS (ID, CODE, NAME, DESCRIPTION) VALUES
  ('539fceb8-da82-4170-ab1a-ae6b04001c03', 'Application.ViewReport', 'View Report', 'View Report');

INSERT INTO MMP.FUNCTIONS (ID, CODE, NAME, DESCRIPTION) VALUES
  ('4d60aed6-2d4b-4a91-a178-ac06d4b1769a', 'Application.SchedulerAdministration', 'Scheduler Administration', 'Scheduler Administration');
  
INSERT INTO MMP.FUNCTIONS (ID, CODE, NAME, DESCRIPTION) VALUES
  ('20725a56-7103-4056-8c74-62f50239ccb7', 'Survey.SurveyAudienceAdministration', 'Survey Audience Administration', 'Survey Audience Administration');
INSERT INTO MMP.FUNCTIONS (ID, CODE, NAME, DESCRIPTION) VALUES
  ('381a0942-feb8-489f-b9f8-d65f90a7eab7', 'Survey.SurveyAdministration', 'Survey Administration', 'Survey Administration');
  
  

INSERT INTO MMP.ROLES (ID, NAME, DESCRIPTION) VALUES
  ('100fafb4-783a-4204-a22d-9e27335dc2ea', 'Administrator', 'Administrator');
INSERT INTO MMP.ROLES (ID, NAME, DESCRIPTION) VALUES
  ('44ff0ad2-fbe1-489f-86c9-cef7f82acf35', 'Organisation Administrator', 'Organisation Administrator');

INSERT INTO MMP.FUNCTION_TO_ROLE_MAP (FUNCTION_ID, ROLE_ID) VALUES ('2a43152c-d8ae-4b08-8ad9-2448ec5debd5', '100fafb4-783a-4204-a22d-9e27335dc2ea'); -- Application.SecureHome
INSERT INTO MMP.FUNCTION_TO_ROLE_MAP (FUNCTION_ID, ROLE_ID) VALUES ('f4e3b387-8cd1-4c56-a2da-fe39a78a56d9', '100fafb4-783a-4204-a22d-9e27335dc2ea'); -- Application.Dashboard
INSERT INTO MMP.FUNCTION_TO_ROLE_MAP (FUNCTION_ID, ROLE_ID) VALUES ('2d52b029-920f-4b15-b646-5b9955c188e3', '100fafb4-783a-4204-a22d-9e27335dc2ea'); -- Application.OrganisationAdministration
INSERT INTO MMP.FUNCTION_TO_ROLE_MAP (FUNCTION_ID, ROLE_ID) VALUES ('567d7e55-f3d0-4191-bc4c-12d357900fa3', '100fafb4-783a-4204-a22d-9e27335dc2ea'); -- Application.UserAdministration
INSERT INTO MMP.FUNCTION_TO_ROLE_MAP (FUNCTION_ID, ROLE_ID) VALUES ('ef03f384-24f7-43eb-a29c-f5c5b838698d', '100fafb4-783a-4204-a22d-9e27335dc2ea'); -- Application.GroupAdministration
INSERT INTO MMP.FUNCTION_TO_ROLE_MAP (FUNCTION_ID, ROLE_ID) VALUES ('7a54a71e-3680-4d49-b87d-29604a247413', '100fafb4-783a-4204-a22d-9e27335dc2ea'); -- Application.UserGroups
INSERT INTO MMP.FUNCTION_TO_ROLE_MAP (FUNCTION_ID, ROLE_ID) VALUES ('0623bc3f-9a1b-4f19-8438-236660d789c5', '100fafb4-783a-4204-a22d-9e27335dc2ea'); -- Application.CodeCategoryAdministration
INSERT INTO MMP.FUNCTION_TO_ROLE_MAP (FUNCTION_ID, ROLE_ID) VALUES ('4e6bc7c4-ee29-4cd7-b4d7-3be42db73dd6', '100fafb4-783a-4204-a22d-9e27335dc2ea'); -- Application.CodeAdministration
INSERT INTO MMP.FUNCTION_TO_ROLE_MAP (FUNCTION_ID, ROLE_ID) VALUES ('029b9a06-0241-4a44-a234-5c489f2017ba', '100fafb4-783a-4204-a22d-9e27335dc2ea'); -- Application.ResetUserPassword
INSERT INTO MMP.FUNCTION_TO_ROLE_MAP (FUNCTION_ID, ROLE_ID) VALUES ('9105fb6d-1629-4014-bf4c-1990a92db276', '100fafb4-783a-4204-a22d-9e27335dc2ea'); -- Application.SecurityAdministration
INSERT INTO MMP.FUNCTION_TO_ROLE_MAP (FUNCTION_ID, ROLE_ID) VALUES ('b233ed4a-b30f-4356-a5d3-1c660aa69f00', '100fafb4-783a-4204-a22d-9e27335dc2ea'); -- Application.ConfigurationAdministration
INSERT INTO MMP.FUNCTION_TO_ROLE_MAP (FUNCTION_ID, ROLE_ID) VALUES ('3a17959c-5dfc-43a2-9587-48a1eb95a22a', '100fafb4-783a-4204-a22d-9e27335dc2ea'); -- Application.ReportDefinitionAdministration
INSERT INTO MMP.FUNCTION_TO_ROLE_MAP (FUNCTION_ID, ROLE_ID) VALUES ('539fceb8-da82-4170-ab1a-ae6b04001c03', '100fafb4-783a-4204-a22d-9e27335dc2ea'); -- Application.ViewReport
INSERT INTO MMP.FUNCTION_TO_ROLE_MAP (FUNCTION_ID, ROLE_ID) VALUES ('4d60aed6-2d4b-4a91-a178-ac06d4b1769a', '100fafb4-783a-4204-a22d-9e27335dc2ea'); -- Application.SchedulerAdministration

INSERT INTO MMP.FUNCTION_TO_ROLE_MAP (FUNCTION_ID, ROLE_ID) VALUES ('20725a56-7103-4056-8c74-62f50239ccb7', '100fafb4-783a-4204-a22d-9e27335dc2ea'); -- Survey.SurveyAudienceAdministration
INSERT INTO MMP.FUNCTION_TO_ROLE_MAP (FUNCTION_ID, ROLE_ID) VALUES ('381a0942-feb8-489f-b9f8-d65f90a7eab7', '100fafb4-783a-4204-a22d-9e27335dc2ea'); -- Survey.SurveyAdministration


INSERT INTO MMP.FUNCTION_TO_ROLE_MAP (FUNCTION_ID, ROLE_ID) VALUES ('2a43152c-d8ae-4b08-8ad9-2448ec5debd5', '44ff0ad2-fbe1-489f-86c9-cef7f82acf35'); -- Application.SecureHome
INSERT INTO MMP.FUNCTION_TO_ROLE_MAP (FUNCTION_ID, ROLE_ID) VALUES ('f4e3b387-8cd1-4c56-a2da-fe39a78a56d9', '44ff0ad2-fbe1-489f-86c9-cef7f82acf35'); -- Application.Dashboard
INSERT INTO MMP.FUNCTION_TO_ROLE_MAP (FUNCTION_ID, ROLE_ID) VALUES ('567d7e55-f3d0-4191-bc4c-12d357900fa3', '44ff0ad2-fbe1-489f-86c9-cef7f82acf35'); -- Application.UserAdministration
INSERT INTO MMP.FUNCTION_TO_ROLE_MAP (FUNCTION_ID, ROLE_ID) VALUES ('7a54a71e-3680-4d49-b87d-29604a247413', '44ff0ad2-fbe1-489f-86c9-cef7f82acf35'); -- Application.UserGroups
INSERT INTO MMP.FUNCTION_TO_ROLE_MAP (FUNCTION_ID, ROLE_ID) VALUES ('029b9a06-0241-4a44-a234-5c489f2017ba', '44ff0ad2-fbe1-489f-86c9-cef7f82acf35'); -- Application.ResetUserPassword
INSERT INTO MMP.FUNCTION_TO_ROLE_MAP (FUNCTION_ID, ROLE_ID) VALUES ('539fceb8-da82-4170-ab1a-ae6b04001c03', '44ff0ad2-fbe1-489f-86c9-cef7f82acf35'); -- Application.ViewReport

INSERT INTO MMP.FUNCTION_TO_ROLE_MAP (FUNCTION_ID, ROLE_ID) VALUES ('20725a56-7103-4056-8c74-62f50239ccb7', '44ff0ad2-fbe1-489f-86c9-cef7f82acf35'); -- Survey.SurveyAudienceAdministration
INSERT INTO MMP.FUNCTION_TO_ROLE_MAP (FUNCTION_ID, ROLE_ID) VALUES ('381a0942-feb8-489f-b9f8-d65f90a7eab7', '44ff0ad2-fbe1-489f-86c9-cef7f82acf35'); -- Survey.SurveyAdministration



INSERT INTO MMP.ROLE_TO_GROUP_MAP (ROLE_ID, GROUP_ID) VALUES ('100fafb4-783a-4204-a22d-9e27335dc2ea', 'a9e01fa2-f017-46e2-8187-424bf50a4f33');
INSERT INTO MMP.ROLE_TO_GROUP_MAP (ROLE_ID, GROUP_ID) VALUES ('44ff0ad2-fbe1-489f-86c9-cef7f82acf35', '758c0a2a-f3a3-4561-bebc-90569291976e');
INSERT INTO MMP.ROLE_TO_GROUP_MAP (ROLE_ID, GROUP_ID) VALUES ('44ff0ad2-fbe1-489f-86c9-cef7f82acf35', '5cf2f1c1-aa73-48e4-be83-be3d7ca5dcc6');



INSERT INTO SURVEY.SURVEY_DEFINITIONS (ID, VERSION, ORGANISATION_ID, NAME, DESCRIPTION, DATA) VALUES
  ('706fb4a4-8ba8-11e6-ae22-56b6b6499611', 1, 'c1685b92-9fe5-453a-995b-89d8c0f29cb5', 'CTO ELT Values Survey', '', '{"id":"706fb4a4-8ba8-11e6-ae22-56b6b6499611","version":1,"organisationId":"767c1abe-8aef-45c9-bcdf-81adf94406f5","name":"CTO ELT Values Survey","description":"CTO ELT Values Survey","sectionDefinitions":[],"groupDefinitions":[{"id":"f44270e1-cf88-40c3-9a5e-2a09cd7b34df","name":"CTO ELT","description":"CTO ELT","groupMemberDefinitions":[{"id":"404dac3f-dc8b-4331-8b92-96b4fdf72305","name":"CTO ELT"},{"id":"1311a54b-5995-4ec2-89b9-0375d3ac9fbb","name":"Peter"},{"id":"b86528a1-337c-4a79-8e71-d741d0c7c6ec","name":"Adriaan"},{"id":"bdb3e2e2-20b8-4895-aaee-facf8320a873","name":"Alapan"},{"id":"cc91f682-8532-42bc-8d41-60c65ec0ce92","name":"Dan"},{"id":"24960e6a-e39e-4783-9952-2ab0af353864","name":"Daryl"},{"id":"81a01568-3c52-4035-9882-4da16406fce5","name":"David"},{"id":"8e555ef1-5381-4181-ae60-a8b0dbae2ddd","name":"Francois"},{"id":"97cb3170-9d59-4168-a041-eb7d9caae24b","name":"James"},{"id":"85d24485-9eb2-45fa-b8ca-a2312ac89a22","name":"Kersh"},{"id":"43887881-1232-4b67-97bf-8a714909adf3","name":"Kevin"},{"id":"825f434c-8fbb-44ab-92c5-d251c1e07eac","name":"Linde-Marie"},{"id":"5f8f29c1-ac48-4a60-960b-cad4bb2600f2","name":"Manoj"},{"id":"1d404c58-fd76-4f07-ab93-97805386a81a","name":"Marcus"},{"id":"e156ead6-8237-4b88-ab51-77009911d9ac","name":"Mercia"},{"id":"ef762b41-c353-4ccf-948e-c819ca5b86b6","name":"Nicole"},{"id":"fbca627e-9ea9-4504-918a-4d52be5082d7","name":"Lawrence"},{"id":"84b544ec-e6a0-448f-85c2-93075d534270","name":"Richard"},{"id":"c6ff4f8a-b2aa-4d28-af64-5f1341642fde","name":"Sandra"},{"id":"a57e5114-dcde-44c9-9742-11b0dafea480","name":"Tendai"},{"id":"ce3f437a-e596-4cbc-a173-529b6f8af635","name":"Debbie"}]}],"groupRatingItemDefinitions":[{"id":"489dc868-1959-4790-83f2-85190d5a5522","name":"Accountability","groupDefinitionId":"f44270e1-cf88-40c3-9a5e-2a09cd7b34df","ratingType":2},{"id":"d1f438d6-dd8a-4ab5-a532-861e062bc743","name":"Competence","groupDefinitionId":"f44270e1-cf88-40c3-9a5e-2a09cd7b34df","ratingType":2},{"id":"42055a18-42a0-4cea-85ec-87b13bd472eb","name":"Courage","groupDefinitionId":"f44270e1-cf88-40c3-9a5e-2a09cd7b34df","ratingType":2},{"id":"a1b0e2bc-70f3-45b5-918c-9ac51c0bc74f","name":"Fairness","groupDefinitionId":"f44270e1-cf88-40c3-9a5e-2a09cd7b34df","ratingType":2},{"id":"1c38e533-8e21-4807-a629-60cc2272f128","name":"Integrity","groupDefinitionId":"f44270e1-cf88-40c3-9a5e-2a09cd7b34df","ratingType":2},{"id":"28235bb2-d822-48da-802f-4f39ce1834f7","name":"Openness","groupDefinitionId":"f44270e1-cf88-40c3-9a5e-2a09cd7b34df","ratingType":2},{"id":"3218579b-2c8d-47a9-bb37-963c598c55a2","name":"Positive Attitude","groupDefinitionId":"f44270e1-cf88-40c3-9a5e-2a09cd7b34df","ratingType":2},{"id":"104884b0-3c37-44ed-a72c-49d2ce8457da","name":"Teamwork","groupDefinitionId":"f44270e1-cf88-40c3-9a5e-2a09cd7b34df","ratingType":2},{"id":"006cf453-160b-445a-a012-038cc62cf88a","name":"Making a difference","groupDefinitionId":"f44270e1-cf88-40c3-9a5e-2a09cd7b34df","ratingType":2},{"id":"c9590fa2-ea6d-4289-9fb1-42d98d227ee8","name":"Trust","groupDefinitionId":"f44270e1-cf88-40c3-9a5e-2a09cd7b34df","ratingType":2}]}');

INSERT INTO SURVEY.SURVEY_INSTANCES(ID, SURVEY_DEFINITION_ID, SURVEY_DEFINITION_VERSION, NAME) VALUES
  ('b222aa15-715f-4752-923d-8f33ee8a1736', '706fb4a4-8ba8-11e6-ae22-56b6b6499611', 1, 'CTO ELT Values Survey - September 2016');

--INSERT INTO SURVEY.SURVEY_REQUESTS(ID, SURVEY_INSTANCE_ID) VALUES
--  ('8c02154f-2ef3-4c52-8484-07a052b71720', 'b222aa15-715f-4752-923d-8f33ee8a1736')


INSERT INTO SURVEY.SURVEY_AUDIENCES (ID, ORGANISATION_ID, NAME) VALUES
  ('c6e1bd3a-52e2-4e72-b49e-4f83445ac661', 'd077425e-c75f-4dd8-9d62-81f2d26b8a62', 'CTO ELT');

INSERT INTO SURVEY.SURVEY_AUDIENCE_MEMBERS (ID, SURVEY_AUDIENCE_ID, FIRST_NAME, LAST_NAME, EMAIL) VALUES
  ('b2a72a4b-08f9-4740-aa5b-f7a5e690f0a9', 'c6e1bd3a-52e2-4e72-b49e-4f83445ac661', 'Peter', 'Rix', '');
INSERT INTO SURVEY.SURVEY_AUDIENCE_MEMBERS (ID, SURVEY_AUDIENCE_ID, FIRST_NAME, LAST_NAME, EMAIL) VALUES
  ('f6156984-6bbb-44b9-8a82-ee86dafbacc7', 'c6e1bd3a-52e2-4e72-b49e-4f83445ac661', 'Adriaan', '', '');
INSERT INTO SURVEY.SURVEY_AUDIENCE_MEMBERS (ID, SURVEY_AUDIENCE_ID, FIRST_NAME, LAST_NAME, EMAIL) VALUES
  ('ad7e91ae-1cee-4f91-b87a-6fde06e32acc', 'c6e1bd3a-52e2-4e72-b49e-4f83445ac661', 'Alapan', '', '');
INSERT INTO SURVEY.SURVEY_AUDIENCE_MEMBERS (ID, SURVEY_AUDIENCE_ID, FIRST_NAME, LAST_NAME, EMAIL) VALUES
  ('1cd8d426-6e75-4f93-bbc7-3992f4043bed', 'c6e1bd3a-52e2-4e72-b49e-4f83445ac661', 'Daniel', 'Acton', '');
INSERT INTO SURVEY.SURVEY_AUDIENCE_MEMBERS (ID, SURVEY_AUDIENCE_ID, FIRST_NAME, LAST_NAME, EMAIL) VALUES
  ('3eabd869-9b0e-437e-a826-d7af06834818', 'c6e1bd3a-52e2-4e72-b49e-4f83445ac661', 'Daryl', '', '');
INSERT INTO SURVEY.SURVEY_AUDIENCE_MEMBERS (ID, SURVEY_AUDIENCE_ID, FIRST_NAME, LAST_NAME, EMAIL) VALUES
  ('9bc1b70b-80f3-46d5-b30e-ebbe5de8656e', 'c6e1bd3a-52e2-4e72-b49e-4f83445ac661', 'David', '', '');
INSERT INTO SURVEY.SURVEY_AUDIENCE_MEMBERS (ID, SURVEY_AUDIENCE_ID, FIRST_NAME, LAST_NAME, EMAIL) VALUES
  ('74ed0311-f884-4bd6-ae57-4421385a543a', 'c6e1bd3a-52e2-4e72-b49e-4f83445ac661', 'Francois', '', '');
INSERT INTO SURVEY.SURVEY_AUDIENCE_MEMBERS (ID, SURVEY_AUDIENCE_ID, FIRST_NAME, LAST_NAME, EMAIL) VALUES
  ('109b0cb3-54d6-41e6-a524-7105d31e6d27', 'c6e1bd3a-52e2-4e72-b49e-4f83445ac661', 'James', '', '');
INSERT INTO SURVEY.SURVEY_AUDIENCE_MEMBERS (ID, SURVEY_AUDIENCE_ID, FIRST_NAME, LAST_NAME, EMAIL) VALUES
  ('a301b8ee-64e6-4c83-ac08-d96211a334a7', 'c6e1bd3a-52e2-4e72-b49e-4f83445ac661', 'Kershnee', '', '');
INSERT INTO SURVEY.SURVEY_AUDIENCE_MEMBERS (ID, SURVEY_AUDIENCE_ID, FIRST_NAME, LAST_NAME, EMAIL) VALUES
  ('3170afc3-6798-4849-9635-99365221d115', 'c6e1bd3a-52e2-4e72-b49e-4f83445ac661', 'Kevin', '', '');
INSERT INTO SURVEY.SURVEY_AUDIENCE_MEMBERS (ID, SURVEY_AUDIENCE_ID, FIRST_NAME, LAST_NAME, EMAIL) VALUES
  ('b0302932-6ddc-4c2a-a8c6-9dfa4c58b754', 'c6e1bd3a-52e2-4e72-b49e-4f83445ac661', 'Linde-Marie', '', '');
INSERT INTO SURVEY.SURVEY_AUDIENCE_MEMBERS (ID, SURVEY_AUDIENCE_ID, FIRST_NAME, LAST_NAME, EMAIL) VALUES
  ('51bbca64-785c-40a5-bef2-cfbc9fb503ef', 'c6e1bd3a-52e2-4e72-b49e-4f83445ac661', 'Manoj', '', '');
INSERT INTO SURVEY.SURVEY_AUDIENCE_MEMBERS (ID, SURVEY_AUDIENCE_ID, FIRST_NAME, LAST_NAME, EMAIL) VALUES
  ('2105161b-0ef3-44bc-a5de-be47124ef5e2', 'c6e1bd3a-52e2-4e72-b49e-4f83445ac661', 'Marcus', '', '');
INSERT INTO SURVEY.SURVEY_AUDIENCE_MEMBERS (ID, SURVEY_AUDIENCE_ID, FIRST_NAME, LAST_NAME, EMAIL) VALUES
  ('225677e0-0da3-4efc-827b-3ab268c46b87', 'c6e1bd3a-52e2-4e72-b49e-4f83445ac661', 'Mercia', '', '');
INSERT INTO SURVEY.SURVEY_AUDIENCE_MEMBERS (ID, SURVEY_AUDIENCE_ID, FIRST_NAME, LAST_NAME, EMAIL) VALUES
  ('c412061b-61c2-4c7d-9486-ccb09118af42', 'c6e1bd3a-52e2-4e72-b49e-4f83445ac661', 'Nicole', '', '');
INSERT INTO SURVEY.SURVEY_AUDIENCE_MEMBERS (ID, SURVEY_AUDIENCE_ID, FIRST_NAME, LAST_NAME, EMAIL) VALUES
  ('10f89240-acbc-4a39-901f-843871d332ee', 'c6e1bd3a-52e2-4e72-b49e-4f83445ac661', 'Lawrence', '', '');
INSERT INTO SURVEY.SURVEY_AUDIENCE_MEMBERS (ID, SURVEY_AUDIENCE_ID, FIRST_NAME, LAST_NAME, EMAIL) VALUES
  ('0a92616a-3e78-44f7-9f39-00213e2f1af8', 'c6e1bd3a-52e2-4e72-b49e-4f83445ac661', 'Richard', '', '');
INSERT INTO SURVEY.SURVEY_AUDIENCE_MEMBERS (ID, SURVEY_AUDIENCE_ID, FIRST_NAME, LAST_NAME, EMAIL) VALUES
  ('6f1978a2-3783-4a76-a964-50258f1c082c', 'c6e1bd3a-52e2-4e72-b49e-4f83445ac661', 'Sandra', '', '');
INSERT INTO SURVEY.SURVEY_AUDIENCE_MEMBERS (ID, SURVEY_AUDIENCE_ID, FIRST_NAME, LAST_NAME, EMAIL) VALUES
  ('8eae4a3a-8863-44cb-a417-13488d551b83', 'c6e1bd3a-52e2-4e72-b49e-4f83445ac661', 'Tendai', '', '');
INSERT INTO SURVEY.SURVEY_AUDIENCE_MEMBERS (ID, SURVEY_AUDIENCE_ID, FIRST_NAME, LAST_NAME, EMAIL) VALUES
  ('e9b5276f-e1aa-4c69-960a-f7022431108c', 'c6e1bd3a-52e2-4e72-b49e-4f83445ac661', 'Debbie', '', '');



-- -------------------------------------------------------------------------------------------------
-- SET PERMISSIONS
-- -------------------------------------------------------------------------------------------------
GRANT ALL ON SCHEMA MMP TO survey;
GRANT ALL ON SCHEMA SURVEY TO survey;

GRANT ALL ON TABLE MMP.IDGENERATOR TO survey;
GRANT ALL ON TABLE MMP.CONFIG TO survey;
GRANT ALL ON TABLE MMP.REGISTRY TO survey;
GRANT ALL ON TABLE MMP.SERVICE_REGISTRY TO survey;
GRANT ALL ON TABLE MMP.ORGANISATIONS TO survey;
GRANT ALL ON TABLE MMP.USER_DIRECTORY_TYPES TO survey;
GRANT ALL ON TABLE MMP.USER_DIRECTORIES TO survey;
GRANT ALL ON TABLE MMP.USER_DIRECTORY_TO_ORGANISATION_MAP TO survey;
GRANT ALL ON TABLE MMP.INTERNAL_USERS TO survey;
GRANT ALL ON TABLE MMP.INTERNAL_USERS_PASSWORD_HISTORY TO survey;
GRANT ALL ON TABLE MMP.INTERNAL_GROUPS TO survey;
GRANT ALL ON TABLE MMP.INTERNAL_USER_TO_INTERNAL_GROUP_MAP TO survey;
GRANT ALL ON TABLE MMP.GROUPS TO survey;
GRANT ALL ON TABLE MMP.FUNCTIONS TO survey;
GRANT ALL ON TABLE MMP.ROLES TO survey;
GRANT ALL ON TABLE MMP.FUNCTION_TO_ROLE_MAP TO survey;
GRANT ALL ON TABLE MMP.ROLE_TO_GROUP_MAP TO survey;
GRANT ALL ON TABLE MMP.JOBS TO survey;
GRANT ALL ON TABLE MMP.JOB_PARAMETERS TO survey;
GRANT ALL ON TABLE MMP.CODE_CATEGORIES TO survey;
GRANT ALL ON TABLE MMP.CODES TO survey;
GRANT ALL ON TABLE MMP.CACHED_CODE_CATEGORIES TO survey;
GRANT ALL ON TABLE MMP.CACHED_CODES TO survey;
GRANT ALL ON TABLE MMP.REPORT_DEFINITIONS TO survey;
GRANT ALL ON TABLE MMP.SMS TO survey;

GRANT ALL ON TABLE SURVEY.SURVEY_DEFINITIONS TO survey;
GRANT ALL ON TABLE SURVEY.SURVEY_INSTANCES TO survey;
GRANT ALL ON TABLE SURVEY.SURVEY_REQUESTS TO survey;
GRANT ALL ON TABLE SURVEY.SURVEY_RESPONSES TO survey;
GRANT ALL ON TABLE SURVEY.SURVEY_AUDIENCES TO survey;
GRANT ALL ON TABLE SURVEY.SURVEY_AUDIENCE_MEMBERS TO survey;




